id,domain,status,purchase_price,renewal_price,attractiveness,demand,length,registrar,created_at,expires_at,status_verified_at
48349f27-7900-4266-9cad-1af87b8e1404,reich.realty,available,109.99,299,high,low,5,namesilo,,,29/09/2026 02:01
d8c3eadf-9646-4454-894f-66f9e0d96142,domain.realty,premium,2750,2750,high,medium,6,dynadot,,,02/10/2026 01:36
4b882116-789c-4398-910a-c9e7906d1a91,bag.realty,available,99.8,456.98,high,low,3,namecheap,,,04/09/2026 13:24
ca5dc308-a0cd-4d50-ba20-829d63642ca0,dances.realty,available,109.99,299,high,low,6,namesilo,,,
98b608ff-561a-4116-b756-cfdb9351f50f,hilarious.realty,available,99.8,456.98,high,low,9,namecheap,,,21/08/2026 09:21
bc13fc94-3aec-4690-b5aa-fd7ee9925570,helpfully.realty,available,99.8,456.98,medium,low,9,namecheap,,,15/09/2026 00:07
e7767ee2-052c-47d2-be3c-e44a973c8e86,unprompted.realty,available,99.8,456.98,medium,low,10,namecheap,,,21/08/2026 23:28
a4d6686e-890c-4387-898e-2672590c0212,tiff.realty,available,109.99,299,high,low,4,namesilo,,,23/09/2026 13:14
42a8c643-e5ed-4a1b-a0b2-aaddbef85b7a,morris.realty,available,109.99,299,high,low,6,namesilo,,,25/09/2026 05:42
e84a537c-9921-4381-b669-31bffcfdaa26,traits.realty,available,109.99,299,medium,low,6,namesilo,,,30/09/2026 06:21
48f877a3-9996-4ab0-a45a-4b5c863d4e4d,inspirational.realty,available,280.2,280.2,high,low,13,cloudflare,,,01/10/2026 23:48
ab737be2-6b86-4f0a-9540-9bd6ed640fec,peking.realty,available,109.99,299,high,low,6,namesilo,,,23/09/2026 04:13
d04c5afa-1bd4-4d70-ad36-0af5949c663b,solicitor.realty,available,88.18,289.16,high,low,9,spaceship,,,01/10/2026 01:16
900764d3-8f90-4258-85c7-108a81721e7e,deprivation.realty,available,88.18,289.16,medium,low,11,spaceship,,,30/09/2026 05:47
0091f95f-4462-4193-ae48-cfd3de931512,sailing.realty,available,99.8,456.98,high,low,7,namecheap,,,10/09/2026 00:37
2bb50a29-bc58-4f1f-ac0c-75ee1de4df15,gustatory.realty,available,99.8,456.98,medium,low,9,namecheap,,,20/08/2026 21:07
04627519-9719-43d5-bf3f-c24b67f29d68,out.realty,available,109.99,299,high,low,3,namesilo,,,30/09/2026 17:39
4bbf5669-d1df-4880-be46-f2f15c0c438a,newscast.realty,available,88.18,289.16,high,low,8,spaceship,,,02/10/2026 16:11
9a62954e-8b70-4c83-af82-b1daf0d7145f,magistrate.realty,available,88.18,289.16,high,low,10,spaceship,,,01/10/2026 02:56
8931b2d7-14d0-4921-b396-5756a51261cc,avoid.realty,available,99.8,456.98,high,low,5,namecheap,,,13/09/2026 06:44
9a27b9b8-2fb5-492a-95b2-c43a964b8f73,wild.realty,available,99.8,456.98,high,medium,4,namecheap,,,22/09/2026 17:18
1119e3d8-99b4-4f45-a34a-d496e82c21a7,rushes.realty,available,88.18,289.16,high,low,6,spaceship,,,30/09/2026 06:26
37b4d16e-a893-448e-a4de-24ec1c879313,hustler.realty,available,93.2,288.88,high,low,7,porkbun,,,30/09/2026 17:21
0376b727-4427-4f7c-985c-90c2b8bf8876,salad.realty,available,96.52,299.82,high,low,5,dynadot,,,30/09/2026 10:31
e2bd73f5-dd65-4b09-af43-08b4374e0a6b,tigerish.realty,available,99.8,456.98,medium,low,8,namecheap,,,11/09/2026 15:51
f0076a89-e956-48a2-8718-af93408a54d5,intercept.realty,available,88.18,289.16,high,low,9,spaceship,,,28/09/2026 06:03
30bbb93f-96ad-4566-a1be-7af5fbc34806,allele.realty,available,109.99,299,medium,low,6,namesilo,,,18/09/2026 10:44
2d036c7a-f39e-404b-9030-89075ea45e06,demonstration.realty,available,96.52,299.82,high,low,13,dynadot,,,03/10/2026 01:27
1a8dfef1-3864-4538-8982-368e7c37ed72,swartz.realty,available,109.99,299,medium,low,6,namesilo,,,30/09/2026 13:43
0916b9cf-e777-4ba7-a978-7e220e9957e9,munro.realty,available,109.99,299,high,low,5,namesilo,,,27/09/2026 13:53
6a057e6f-dd89-4497-980a-d08439fccd1d,telluric.realty,available,99.8,456.98,medium,low,8,namecheap,,,11/09/2026 10:39
13adf7f4-7e90-400a-9d00-9cd8c293b4be,confucian.realty,available,99.8,456.98,high,low,9,namecheap,,,12/08/2026 21:15
f7738f7b-2c18-4fa4-b5bb-78a881f3e0da,romeo.realty,available,109.99,299,high,low,5,namesilo,,,27/09/2026 05:10
69d55601-f7d9-4791-98e7-512d2ffa5945,petre.realty,available,88.18,289.16,high,low,5,spaceship,,,02/10/2026 20:12
66a615fd-5dca-4a05-a48b-2ff132f229c3,pegged.realty,available,99.8,456.98,medium,low,6,namecheap,,,30/09/2026 16:20
c8352245-bda1-4301-b3de-706a5d0c784d,adhesion.realty,available,109.99,299,high,low,8,namesilo,,,17/09/2026 07:59
e8f43dc4-8238-435f-a342-780aa2c802d4,hardship.realty,available,109.99,299,high,low,8,namesilo,,,17/09/2026 10:51
d8a24576-9fa3-4783-95f5-b7112ce99256,chappell.realty,available,280.2,280.2,medium,low,8,cloudflare,,,28/09/2026 21:34
380420a8-15ac-44c2-a138-78d8dcd5c045,alloy.realty,available,179.99,349.99,high,low,5,name.com,,,17/09/2026 09:02
22c27d03-222d-461c-866d-b37d2e37c83a,lecherous.realty,available,99.8,456.98,medium,low,9,namecheap,,,22/08/2026 22:17
d37f0ee4-20f1-42b3-a2cf-0d83cacd2678,mcneill.realty,available,88.18,289.16,medium,low,7,spaceship,,,29/09/2026 04:34
c27993fd-06de-4165-a4f2-e907e3642f7d,abiding.realty,available,109.99,299,high,low,7,namesilo,,,21/09/2026 13:52
ccc85b19-f4d4-4eed-85b4-72a3227e5f9a,avowal.realty,available,109.99,299,medium,low,6,namesilo,,,17/09/2026 14:26
e816c646-a966-4379-bdaa-c32bfd7cbcda,pusan.realty,available,88.18,289.16,medium,low,5,spaceship,,,02/10/2026 16:27
e759ac0c-70c2-452b-bcfa-9cf068838efe,rearrange.realty,available,88.18,289.16,high,low,9,spaceship,,,01/10/2026 22:11
79777055-8ec0-4196-8714-e93751106aa7,unstained.realty,available,99.8,456.98,medium,low,9,namecheap,,,10/09/2026 18:17
165a2316-4a6d-4f2f-9663-42b1941d552a,sons.realty,available,109.99,299,medium,low,4,namesilo,,,27/09/2026 09:28
ebcbf1aa-a903-4f95-b5be-1c5e1ad466ca,offenders.realty,available,109.99,299,low,low,9,namesilo,,,29/09/2026 05:55
6883398f-824e-421f-863e-366bdb1e872d,chekhov.realty,available,109.99,299,medium,low,7,namesilo,,,19/09/2026 15:27
01692a0e-0e6d-4dce-88d9-1d01a76c8415,slouchy.realty,available,109.99,299,medium,low,7,namesilo,,,19/09/2026 04:23
be8ab224-3377-4870-ba93-bba6b2387351,peer.realty,available,109.99,299,high,low,4,namesilo,,,24/09/2026 14:38
1c3ed942-142d-4441-99cb-60343c637ea7,cello.realty,available,88.18,289.16,high,low,5,spaceship,,,30/09/2026 01:01
742a8f22-b5ac-4aea-9e14-0acb6057850a,shelbyville.realty,available,109.99,299,medium,low,11,namesilo,,,02/10/2026 09:39
5aee2a5a-da56-4d8e-a15d-724ee0f19e26,banding.realty,available,99.8,456.98,high,low,7,namecheap,,,22/09/2026 01:17
73ad9acc-6a69-4278-bbe2-65b31b3bb178,stored.realty,available,88.18,289.16,low,low,6,spaceship,,,28/09/2026 17:31
91bf9b19-d9a8-4522-99dd-35167e607e5d,moonstruck.realty,available,99.8,456.98,medium,low,10,namecheap,,,24/08/2026 11:18
f85936e0-b369-4518-a9d6-0f30c733a639,sinning.realty,available,99.8,456.98,high,medium,7,namecheap,,,10/09/2026 08:31
08afa51d-0b32-4c12-bc67-38a8200565da,carlyle.realty,available,88.18,289.16,medium,low,7,spaceship,,,28/09/2026 02:01
8521e27b-1520-40f6-ade2-3b5a626fd343,credible.realty,available,99.8,456.98,high,low,8,namecheap,,,09/08/2026 12:56
cfd8e03b-2278-49d9-8e85-f148bc2d6233,utilization.realty,available,99.8,456.98,high,low,11,namecheap,,,02/10/2026 21:46
699bc5ce-53a1-4b09-8a86-40fe0c74b090,hereto.realty,available,99.8,456.98,medium,low,6,namecheap,,,15/09/2026 00:34
be8cd9e9-903f-4bf9-b349-e59ee480fe75,roof.realty,available,280.2,280.2,high,low,4,cloudflare,,,30/09/2026 10:21
56199b53-442a-40a0-b466-b786c6657c42,panes.realty,available,96.52,299.82,high,low,5,dynadot,,,02/10/2026 06:56
16a81a2b-4e46-4463-a25f-86b8ac1ce671,neutrophils.realty,available,109.99,299,medium,low,11,namesilo,,,30/09/2026 14:46
b6ab63de-26e8-4a70-9f89-bcb977354fc0,dolphin.realty,available,109.99,299,high,low,7,namesilo,,,24/09/2026 23:22
fd8b66d7-a7c1-43ab-b3c7-a0cfa44f374b,spilled.realty,available,96.52,299.82,low,low,7,dynadot,,,28/09/2026 23:49
6d62e0ee-d8ae-4cfe-84a6-4c82e13aad5a,dundalk.realty,available,88.18,289.16,medium,low,7,spaceship,,,02/10/2026 20:51
d70e3473-c321-40d6-ae64-bc6d0f83b753,distilled.realty,available,280.2,280.2,medium,low,9,cloudflare,,,01/10/2026 12:59
c90d3d01-74d8-4c77-9bc8-7f5e47e8d7cd,rail.realty,available,96.52,299.82,high,low,4,dynadot,,,29/09/2026 20:10
d889efc3-ae6e-4494-860e-46841ee3ce7b,adulterate.realty,available,99.8,456.98,medium,low,10,namecheap,,,
ccd62d8c-9777-4fad-8049-e6fe82927843,decolour.realty,available,109.99,299,medium,low,8,namesilo,,,24/09/2026 05:11
3e9709de-79a2-429a-869b-ed39a32f2986,bankroll.realty,available,109.99,299,high,low,8,namesilo,,,22/09/2026 02:49
5c42daf4-cb80-4f4f-b80e-cb5431cd4ad6,sonorous.realty,available,99.8,456.98,medium,low,8,namecheap,,,10/09/2026 14:13
e57d3d48-678c-4505-857c-b59db2ebf56f,microscopic.realty,available,109.99,299,high,low,11,namesilo,,,29/09/2026 08:46
be43c347-28b7-47b4-8b5c-f2dadb5280e3,lazy.realty,available,99.8,456.98,high,low,4,namecheap,,,17/08/2026 20:54
b19c6397-fe66-4279-812d-7fb653b82d95,tells.realty,available,109.99,299,medium,low,5,namesilo,,,18/09/2026 14:10
31e1c0dd-caa9-4b95-81f7-916aa3c99696,game.realty,premium,1107,1107,high,medium,4,namesilo,,,02/10/2026 06:58
a2cc47c5-884d-4a68-8d9b-e5425ef65f2e,responding.realty,available,96.52,299.82,high,low,10,dynadot,,,28/09/2026 07:25
282a234a-2860-4e4c-b6c1-29396e18e572,inferno.realty,available,109.99,299,high,low,7,namesilo,,,24/09/2026 17:14
be54ea64-6c42-47c0-a3bf-40ff5ec23072,temperate.realty,available,99.8,456.98,high,low,9,namecheap,,,11/09/2026 10:48
f2c5df43-93e5-4311-8ebb-ed7c810c3ffb,chords.realty,available,109.99,299,medium,low,6,namesilo,,,29/09/2026 16:32
ab223a8c-b839-469e-8a72-d850c9c9a942,admits.realty,available,88.18,289.16,medium,low,6,spaceship,,,29/09/2026 10:40
496dd185-7c16-4f35-8fd8-99f6363b5cb2,starboard.realty,available,99.8,456.98,high,low,9,namecheap,,,10/09/2026 18:46
fad366f8-34d2-4eb3-ab6d-af8908091fbc,dynasty.realty,available,109.99,299,high,low,7,namesilo,,,28/09/2026 13:57
86252e8e-f9f1-4abb-ad68-5d4f579250d5,linden.realty,available,109.99,299,medium,low,6,namesilo,,,22/09/2026 12:37
36a95669-7429-4de9-9237-e451df0d2fbc,acidic.realty,available,99.8,456.98,high,low,6,namecheap,,,
b36c008f-9c39-4236-b60b-4b17bf8f0d73,shizuoka.realty,available,88.18,289.16,medium,low,8,spaceship,,,02/10/2026 19:33
d4515bef-d46f-4f84-9472-c5a836891206,piggish.realty,available,99.8,456.98,medium,low,7,namecheap,,,21/08/2026 10:18
1f8777de-26fb-488d-b37c-b1d83d23f706,cuenca.realty,available,88.18,289.16,medium,low,6,spaceship,,,02/10/2026 18:55
362b502f-85bb-4d2d-8759-bba8e0dbbfe6,turds.realty,available,109.99,299,low,low,5,namesilo,,,18/09/2026 11:32
04f36082-3f6b-40fe-a9a4-8bb816b890c4,inhabited.realty,available,99.8,456.98,high,low,9,namecheap,,,22/08/2026 04:59
14d31d1d-dd57-4f18-9944-485e345d51ed,simulated.realty,available,88.18,289.16,high,low,9,spaceship,,,03/10/2026 03:48
2b6ab780-8f7f-4db3-a882-036dff11e482,tomboy.realty,available,179.99,,high,low,7,name.com,,,
2eb7a50e-c66f-4948-9b0b-6dce80f46927,tetragon.realty,available,99.8,456.98,medium,low,8,namecheap,,,09/09/2026 07:24
253a6fde-9961-4739-aa44-09e73ec3be1f,cheetah.realty,available,109.99,299,high,low,7,namesilo,,,17/09/2026 01:33
96aced78-2a90-41c0-bfc3-fe84ce50617c,commemorate.realty,available,88.18,289.16,high,low,11,spaceship,,,30/09/2026 03:37
5f70fb90-9b1c-4b88-985f-40083f0798b3,tentacular.realty,available,99.8,456.98,medium,low,10,namecheap,,,11/09/2026 11:35
cf70f945-3313-482e-bf0b-9375b6f619cf,rollicking.realty,available,99.8,456.98,medium,low,10,namecheap,,,12/08/2026 18:08
7495e774-b577-4513-b497-79a61d9ac05c,headteacher.realty,available,109.99,299,high,low,12,namesilo,,,02/10/2026 16:28
51bd040f-54ed-4f78-bcbc-8c878eeb391f,julien.realty,available,109.99,299,high,low,6,namesilo,,,28/09/2026 03:56
cfc29daf-c6e9-453a-85ad-117e0e040233,sloe.realty,available,109.99,299,medium,low,4,namesilo,,,18/09/2026 10:21
28fb8c31-b5d3-464d-aa61-b952aa58efe9,pinwheel.realty,available,109.99,299,high,low,8,namesilo,,,17/09/2026 12:41
225952b7-f9d2-4758-bd1b-e722195873a9,capsules.realty,available,96.52,299.82,medium,low,8,dynadot,,,02/10/2026 14:21
2fbe3605-9551-4032-9c26-f60323756946,freedoms.realty,available,109.99,299,medium,low,8,namesilo,,,30/09/2026 16:22
b3231087-52e5-49f3-a9db-fe2e5f14c45f,unprovoked.realty,available,99.8,456.98,medium,low,10,namecheap,,,25/08/2026 07:52
d9a9c1d7-3d9a-44c5-850a-822f85f302cc,jerry.realty,available,109.99,299,high,low,5,namesilo,,,29/09/2026 00:12
56859242-2c3f-4dce-a11c-07645856e562,citrin.realty,available,99.8,456.98,high,low,6,namecheap,,,23/09/2026 18:00
0c1cf445-09ba-4a32-b734-3298500ee895,underdone.realty,available,99.8,456.98,medium,low,9,namecheap,,,12/09/2026 07:24
f28f2c16-d3a4-454c-af13-9152b5348428,bewitch.realty,available,99.8,456.98,high,low,7,namecheap,,,21/08/2026 07:41
3913557f-8012-428a-bff9-c9e114778900,predestine.realty,available,99.8,456.98,high,medium,10,namecheap,,,09/09/2026 01:23
6b86a54a-1144-414a-b911-91f334a3bee5,sita.realty,available,99.8,456.98,medium,low,4,namecheap,,,30/09/2026 18:38
d7305e06-b232-47b2-acdd-6924edfb4f27,owens.realty,available,280.2,280.2,high,low,5,cloudflare,,,30/09/2026 00:31
625b3d5c-eeda-461b-bfc1-02c81f5f25c7,precinct.realty,available,109.99,299,medium,low,8,namesilo,,,28/09/2026 15:05
ee367c9b-686d-4843-a57e-1c98e1621cf0,orkney.realty,available,93.2,288.88,medium,low,6,porkbun,,,29/09/2026 15:23
e84f4b1e-10f9-4b05-ac10-e4e7f33d6072,gregor.realty,available,88.18,289.16,high,low,6,spaceship,,,02/10/2026 13:16
8fdcbd74-48cd-438c-8baa-28f43b95b895,crackling.realty,available,99.8,456.98,high,low,9,namecheap,,,13/08/2026 04:27
6f28637b-0005-4c5a-aa1a-4b117ffb19e1,dismiss.realty,available,109.99,299,high,low,7,namesilo,,,29/09/2026 15:34
beb816ae-7d1e-4ad7-9478-a99a56313d57,psalm.realty,available,88.18,289.16,high,low,5,spaceship,,,01/10/2026 21:24
7d7c9352-6ee6-4fc5-887d-f9efee728e15,skull.realty,available,109.99,299,high,low,5,namesilo,,,26/09/2026 00:19
5d7d5f85-4aad-4798-8a51-183136ddf322,businessmen.realty,available,99.8,456.98,high,low,11,namecheap,,,02/10/2026 12:59
d6a4b793-1823-4c9c-9544-0d2682f414c6,associates.realty,available,109.99,299,medium,low,10,namesilo,,,28/09/2026 08:50
ef40ed9e-6bea-41d5-a16c-a901cc6c0107,parks.realty,premium,875,,high,low,5,name.com,,,30/09/2026 06:26
d17903ac-dec2-4394-b31c-1a7727d2b4c4,wrestler.realty,available,99.8,456.98,high,low,8,namecheap,,,29/09/2026 19:04
bbc30f21-bd34-4165-b1fd-f7ed1d2a2123,leak.realty,available,109.99,299,high,low,4,namesilo,,,30/09/2026 02:34
2365e12c-8807-401c-b211-fff4b8a223ad,fondly.realty,available,99.8,456.98,high,low,6,namecheap,,,14/09/2026 19:12
e171d4e6-b48d-4cc3-91dc-b757b0fbc81b,mustafa.realty,available,99.8,456.98,high,low,7,namecheap,,,28/09/2026 11:56
61c5c1e6-5e36-4b63-b337-de0ec20b9da4,fork.realty,available,99.8,456.98,high,low,4,namecheap,,,23/09/2026 02:18
d573e7ed-08a6-4965-880c-53401127f20e,pursy.realty,available,99.8,456.98,high,medium,5,namecheap,,,09/09/2026 06:28
83daf314-a5ff-4ce2-b88c-dff8da58dff8,deepening.realty,available,99.8,456.98,medium,low,9,namecheap,,,13/08/2026 23:00
b2bb672d-54a4-4da7-bce9-3bf6b9027d2b,harvested.realty,available,88.18,289.16,medium,low,9,spaceship,,,01/10/2026 14:36
76305cbb-bb68-4937-8fd0-d96d2e419e55,baldrick.realty,available,109.99,299,medium,low,8,namesilo,,,21/09/2026 21:46
a629b691-e738-4478-9292-88665b458d72,tower.realty,available,109.99,299,high,low,5,namesilo,,,29/09/2026 23:19
d9d3cc22-4199-4c87-a565-fefcb95ec8e0,amaretto.realty,available,109.99,299,high,low,8,namesilo,,,18/09/2026 15:58
1f8c94e5-6d98-4517-a6ea-0461eb607446,laboratory.realty,available,93.2,288.88,high,low,10,porkbun,,,30/09/2026 18:22
be970a9a-1b48-40f1-bc97-d656a936bb35,frontier.realty,premium,1107,1107,high,medium,8,namesilo,,,28/09/2026 09:50
ea06c0d5-2227-4909-a88f-5b809b615855,marley.realty,available,88.18,289.16,medium,low,6,spaceship,,,29/09/2026 00:11
4e4e04df-f6d8-47e3-a256-ec2dd616db1d,lackey.realty,available,99.8,456.98,medium,low,6,namecheap,,,20/09/2026 15:38
8e2f6422-050f-424b-b366-29a5e358c391,reportedly.realty,available,99.8,456.98,medium,low,10,namecheap,,,15/09/2026 23:15
bc747490-4f0d-4167-8054-0a937d30aab8,airman.realty,available,99.8,456.98,high,low,6,namecheap,,,17/09/2026 13:10
e78edd15-1b73-45ce-bec9-e38c85e477b6,pacify.realty,available,99.8,456.98,high,low,6,namecheap,,,18/08/2026 22:00
a421516d-99fa-4b6b-8a33-09196c4048d5,sabha.realty,available,99.8,456.98,high,low,5,namecheap,,,29/09/2026 21:35
9e01ac58-5fb9-487f-a61a-e3371d5e9180,surroundings.realty,available,109.99,299,high,low,12,namesilo,,,01/10/2026 17:40
126de64b-142d-4267-b480-cc1fc775a444,sunbeam.realty,available,109.99,299,high,low,7,namesilo,,,30/09/2026 12:18
a99fe20c-0532-46cd-bd1b-bac9e9778300,socket.realty,available,109.99,299,high,low,6,namesilo,,,29/09/2026 13:58
f6ae0892-2ab4-4f3e-a28e-38acbca093a9,arsenide.realty,available,99.8,456.98,medium,low,8,namecheap,,,20/09/2026 09:41
3d1e2569-83b0-4976-b647-eaa74de38ff9,surly.realty,available,99.8,456.98,medium,low,5,namecheap,,,11/09/2026 04:06
be97582b-510e-4b34-bcf5-1c8a03c2f460,czech.realty,available,179.99,349.99,high,low,5,name.com,,,13/08/2026 15:01
71e0e21b-8bb2-4eda-ada3-ab94046850e9,puck.realty,available,99.8,456.98,high,low,4,namecheap,,,30/09/2026 10:09
25b23e89-14b4-498b-bc6f-cf482ef5d227,location.realty,premium,6900,6900,high,low,8,namesilo,,,27/09/2026 04:42
0ba450df-79e7-4bc4-bf05-ced6e2ba1e93,pillowcase.realty,available,179.99,,high,low,11,name.com,,,
46f8433e-09a2-4926-a058-fe1fbc797fc3,cfl.realty,available,109.99,299,high,low,3,namesilo,,,29/09/2026 20:49
794e51f5-f260-4850-8e03-706982d75a8d,sybil.realty,available,109.99,299,high,low,5,namesilo,,,29/09/2026 14:56
dda5b757-4c22-4c7f-8cd6-28281ffe32cd,photos.realty,premium,3450,3450,high,low,6,namesilo,,,17/09/2026 16:48
fb170b2b-3445-4afc-b379-ba6c80bfeeab,piper.realty,available,93.2,288.88,high,low,5,porkbun,,,29/09/2026 00:31
ecdd91d0-24ee-4cb4-8410-613ccd677f81,moneyed.realty,available,99.8,456.98,high,low,7,namecheap,,,
7979fc86-67c2-49bf-87f8-c10822742b9d,nihility.realty,available,99.8,456.98,medium,low,8,namecheap,,,13/09/2026 06:35
5cb1d39b-63e3-482c-8311-f372563f67b6,molybdenum.realty,available,109.99,299,medium,low,10,namesilo,,,20/09/2026 23:05
b30a0a2c-e510-4360-a5ca-b8d90e6d4b57,havana.realty,premium,764.69,1092.18,high,low,6,porkbun,,,28/09/2026 13:38
16a4b4f7-adef-4038-acdb-f1ef96de6c8a,bullets.realty,available,99.8,456.98,high,low,7,namecheap,,,25/09/2026 19:55
ca16018d-3a8d-462c-af84-9798c21004e9,intrude.realty,available,99.8,456.98,high,low,7,namecheap,,,02/10/2026 05:57
da1a55a9-afa0-4d89-90da-53879d0e8441,ample.realty,available,99.8,456.98,high,low,5,namecheap,,,
146c51d2-b7dd-4d9b-9306-260570bd768d,dryness.realty,available,109.99,299,high,low,7,namesilo,,,24/09/2026 22:51
5f3b523d-c5b8-400b-93f7-6013675a81c4,leon.realty,available,109.99,299,high,medium,4,namesilo,,,27/09/2026 04:37
77fdb8a8-6444-46e8-a43a-c72c76fe5b96,mole.realty,available,88.18,289.16,high,low,4,spaceship,,,27/09/2026 11:53
d0eaaf60-0822-4fb5-89f5-5c619d50feb4,songbirds.realty,available,99.8,456.98,medium,low,9,namecheap,,,21/09/2026 08:44
f6b77bc2-92ee-4afa-a7c1-784493690d90,leah.realty,available,109.99,299,high,low,4,namesilo,,,27/09/2026 07:15
3d9390f0-5c70-4305-88e3-490566af590a,miki.realty,available,88.18,289.16,high,low,4,spaceship,,,02/10/2026 04:00
fb55ced0-9d1c-4bda-859a-974de620b53d,ataxia.realty,available,109.99,299,medium,low,6,namesilo,,,20/09/2026 19:46
8fd257a2-b38d-4645-aecf-29303218a47e,adage.realty,available,109.99,299,high,low,5,namesilo,,,17/09/2026 06:09
cb8290ca-61ef-4f05-828f-9c5efc270420,smashing.realty,available,99.8,456.98,high,low,8,namecheap,,,08/08/2026 12:53
b8a51b7f-a2ac-482d-85cb-e225619c082e,challenging.realty,available,280.2,280.2,high,low,11,cloudflare,,,01/10/2026 19:37
57b566e4-5ce4-4f6b-a8c7-bd310a970496,quotation.realty,available,88.18,289.16,high,low,9,spaceship,,,01/10/2026 01:28
bbd8cc5d-f4a2-4e87-b209-9968fff8bc9f,ball.realty,available,99.8,456.98,high,low,4,namecheap,,,24/09/2026 21:18
d14297ba-3d59-4f62-9f31-ac2b1d616e9a,preventing.realty,available,109.99,299,medium,low,10,namesilo,,,30/09/2026 06:24
8a338221-a530-467d-b2c9-717864b3ba50,backslider.realty,available,109.99,299,medium,low,10,namesilo,,,21/09/2026 15:58
1d01bcdf-45d0-4b8d-95de-34ec0e4c1439,barbecued.realty,available,99.8,456.98,medium,low,9,namecheap,,,08/08/2026 16:25
0d934acf-cf71-494b-b758-4b5bb982a0a7,constraining.realty,available,88.18,289.16,medium,low,12,spaceship,,,01/10/2026 23:03
54d7ffeb-c425-4dfb-9992-d39835a57a35,supported.realty,available,88.18,289.16,high,low,9,spaceship,,,28/09/2026 02:01
cc869a8a-3744-4149-adf7-c769353c90ac,violet.realty,available,99.8,456.98,high,medium,6,namecheap,,,09/09/2026 06:21
73f1d5e0-f040-47d0-a4a0-292337448d1c,akaba.realty,available,109.99,299,medium,low,5,namesilo,,,17/09/2026 23:49
efd0d3e6-417f-4af2-9099-5b9a88074ee7,stick.realty,available,109.99,299,high,low,5,namesilo,,,29/09/2026 00:24
e5e6a1fa-84ef-44fc-8164-d667269a1c88,cellini.realty,available,109.99,299,medium,low,7,namesilo,,,23/09/2026 08:47
b2cc363b-012e-42de-b89a-cfd53fc80a5a,lxxiv.realty,available,99.8,456.98,medium,low,5,namecheap,,,
3a59c864-daac-487f-b545-b3b72354bc02,improves.realty,available,88.18,289.16,medium,low,8,spaceship,,,01/10/2026 18:23
564131ae-980b-444f-ab8e-6a83cc5a8b6a,lamar.realty,available,109.99,299,high,low,5,namesilo,,,25/09/2026 16:19
d936e714-8193-4c6f-ad7c-a332d99f5bc3,revolt.realty,available,88.18,289.16,high,low,6,spaceship,,,29/09/2026 15:48
e8f14242-14bf-49e4-9cf2-dfd2fa741693,pebble.realty,available,109.99,299,high,low,6,namesilo,,,30/09/2026 02:28
439ce57d-2be5-4394-adf9-a5961f2cb4d3,similarity.realty,available,280.2,280.2,high,low,10,cloudflare,,,29/09/2026 19:30
dad96248-21c9-4337-af86-5abbba44e74c,chore.realty,available,109.99,299,high,low,5,namesilo,,,29/09/2026 09:00
ac2cacf2-2f7f-4fc0-b275-e5d0d0665d04,nacl.realty,available,280.2,280.2,medium,low,4,cloudflare,,,30/09/2026 22:52
3c9da31d-1cea-42e3-835d-6f19e51d2b34,pyramidic.realty,available,99.8,456.98,medium,low,9,namecheap,,,09/09/2026 06:57
c51024e4-98c7-4236-a4b7-6846e799757c,beery.realty,available,99.8,456.98,medium,low,5,namecheap,,,09/08/2026 08:12
47886e12-6c86-4a77-b01c-0a2f60c68992,endangered.realty,available,99.8,456.98,high,low,10,namecheap,,,17/08/2026 00:51
cb45c423-4a47-4812-8b4c-80ddeddb8847,haversack.realty,available,109.99,299,high,low,9,namesilo,,,21/09/2026 14:43
049d6322-226e-426a-bbb2-4e7d7e273bc3,asmara.realty,available,109.99,299,medium,low,6,namesilo,,,20/09/2026 14:27
05955a59-ba48-4853-a450-f5beb2088133,beneficiary.realty,available,280.2,280.2,high,low,11,cloudflare,,,30/09/2026 03:53
8c97e516-49cd-46a6-b2d3-4b10fece078b,garcia.realty,available,99.8,456.98,high,low,6,namecheap,,,25/09/2026 20:50
d0082844-35eb-49c0-bef6-6fefe232c732,salverform.realty,available,99.8,456.98,high,medium,10,namecheap,,,09/09/2026 21:02
0f211a8c-0a82-4c62-87e0-482269097d81,monaghan.realty,available,88.18,289.16,medium,low,8,spaceship,,,29/09/2026 17:52
d696852f-86dc-4da2-a07d-141272a681ba,pigheaded.realty,available,99.8,456.98,medium,low,9,namecheap,,,11/08/2026 08:32
d00a52a7-ed01-435a-b5ef-01a910c79087,bets.realty,available,88.18,289.16,high,low,4,spaceship,,,02/10/2026 13:49
6ba457e0-1c42-41f3-8334-7295fd83df85,sleeper.realty,available,88.18,289.16,medium,low,7,spaceship,,,29/09/2026 06:29
99b54ccb-c7dc-4fb8-8611-0b3c9b105712,arlington.realty,premium,3450,3450,high,low,9,namesilo,,,20/09/2026 06:16
f5e4993e-2fd3-4bfe-8cc9-e7e437e983c3,sinewy.realty,available,99.8,456.98,medium,low,6,namecheap,,,11/08/2026 02:52
5adfb80c-1ba5-4960-8bf4-ab285ecba877,hyundai.realty,available,88.18,289.16,high,low,7,spaceship,,,29/09/2026 09:13
07637bd9-77f2-486a-9ccc-53b87367bdc7,sdf.realty,available,280.2,280.2,high,low,3,cloudflare,,,01/10/2026 08:35
cfa97e6c-8847-4aee-86e1-e8d29667a034,buddy.realty,available,109.99,299,high,medium,5,namesilo,,,29/09/2026 05:01
d0874f74-5821-4667-b5d8-05b0a2a8e4ac,tined.realty,available,99.8,456.98,medium,low,5,namecheap,,,09/09/2026 03:20
dc00b639-bb73-4e22-b7b2-060e75416823,sydney.realty,available,109.99,299,high,low,6,namesilo,,,25/09/2026 10:47
1f349d71-d4c1-4d03-93a7-7bc218b0f1bd,battue.realty,available,109.99,299,medium,low,6,namesilo,,,22/09/2026 16:30
816572c7-143c-4404-9c96-d964e9a930ae,weedless.realty,available,99.8,456.98,medium,low,8,namecheap,,,13/09/2026 10:00
685561f1-a6ff-4a41-bc78-da7db396a277,nogales.realty,available,96.52,299.82,medium,low,7,dynadot,,,02/10/2026 16:13
9699d838-6bdf-44f3-bc68-e196b29cfb11,stp.realty,available,280.2,280.2,high,low,3,cloudflare,,,01/10/2026 21:35
8c75ea79-ca09-42a7-8d17-2ddfd4b934d0,cody.realty,available,99.8,456.98,high,low,4,namecheap,,,25/09/2026 03:39
47bb456f-08c7-49a2-b60b-b139d2f0d89f,splendor.realty,available,88.18,289.16,high,low,8,spaceship,,,30/09/2026 08:50
78def065-e74d-4000-9db0-94c1077d9eb9,outclassed.realty,available,99.8,456.98,medium,low,10,namecheap,,,04/09/2026 19:12
e22d00c5-9028-4a90-a3ad-ba53fdf46395,hooke.realty,available,109.99,299,medium,low,5,namesilo,,,02/10/2026 05:21
44253d7d-5cd9-4d21-a9b9-1b4df1f1bec0,athelstan.realty,available,99.8,456.98,medium,low,9,namecheap,,,20/09/2026 20:33
2f14d923-1c4c-4c0d-bb20-42bcad0a70d7,cranbrook.realty,available,88.18,289.16,medium,low,9,spaceship,,,02/10/2026 20:50
2954bd4c-c9da-490c-8983-9eec75a20ca5,housekeeping.realty,available,109.99,299,high,low,12,namesilo,,,29/09/2026 10:23
7d4d142f-2a1e-48fd-bccb-3d1f2001f92e,imaging.realty,available,88.18,289.16,high,low,7,spaceship,,,29/09/2026 19:16
04a0ed63-a5f4-454b-9bb6-701ca64f4200,quart.realty,available,99.8,456.98,medium,low,5,namecheap,,,03/10/2026 00:31
0e3afaea-aaec-42e4-b8b5-6f9c3a5c6c79,keith.realty,available,109.99,299,high,low,5,namesilo,,,17/09/2026 22:02
22096593-875a-480e-97d6-ddfec2fd5720,assembly.realty,available,109.99,299,high,low,8,namesilo,,,20/09/2026 16:09
ce2e0788-5d1f-4d04-aa2d-38c43a440809,unbent.realty,available,99.8,456.98,medium,low,6,namecheap,,,12/09/2026 01:50
3744ce08-4ce4-4bb4-81cf-6d72dea29810,rated.realty,available,109.99,299,high,low,5,namesilo,,,01/10/2026 23:17
6258b9ee-8e9d-4b71-89be-de7629bda6a0,examines.realty,available,93.2,288.88,medium,low,8,porkbun,,,02/10/2026 22:14
e426c189-cfaf-4d21-ba56-b78585ea5e10,postmark.realty,available,99.8,456.98,high,low,8,namecheap,,,18/08/2026 14:12
9b1b4c12-592b-4840-8ea2-7372f115587d,occipital.realty,available,99.8,456.98,medium,low,9,namecheap,,,04/09/2026 00:11
7b646a2b-9559-47ef-890f-67f72ae5b267,fumbling.realty,available,99.8,456.98,medium,low,8,namecheap,,,11/08/2026 10:05
8769611f-65ad-4a67-b8df-4f2f4644c15b,socially.realty,available,99.8,456.98,high,low,8,namecheap,,,16/09/2026 03:57
ab6680ee-5766-4f3d-a8df-f6ccb3573862,influenced.realty,available,96.52,299.82,high,low,10,dynadot,,,01/10/2026 20:19
bcec39f0-149e-45d1-a3d0-b7c25298302a,img.realty,available,280.2,280.2,high,medium,3,cloudflare,,,03/10/2026 04:19
71a56d3e-8fb5-45e9-b5f0-c94628c77e1f,bangtail.realty,available,109.99,299,medium,low,8,namesilo,,,22/09/2026 02:02
798c0fb0-f13d-474d-9d26-f6cd4cff4dbb,ascot.realty,available,99.8,456.98,high,low,5,namecheap,,,20/09/2026 13:27
8cc65a77-0d81-4288-aed3-41afa5a75a89,technique.realty,available,280.2,280.2,high,low,9,cloudflare,,,02/10/2026 11:49
19b04742-4036-46a5-884e-f2ed73960941,luo.realty,available,109.99,299,high,low,3,namesilo,,,29/09/2026 07:30
c653b2a3-b13a-4e14-abaa-5e0aa529462c,blitz.realty,available,109.99,299,high,low,5,namesilo,,,01/10/2026 01:08
fffba8a9-7b6c-4fe9-922b-cf2aa72c9322,barnyard.realty,available,99.8,456.98,high,low,8,namecheap,,,22/09/2026 06:58
dffe32e0-eb41-4e41-a74a-e45aa81cd165,administer.realty,available,109.99,299,high,low,10,namesilo,,,29/09/2026 14:10
125aa95e-a8b3-48d1-ba27-e21b8b2d0608,receiving.realty,available,88.18,289.16,high,low,9,spaceship,,,27/09/2026 17:11
03baca0d-e29b-485a-8c4a-323f56be8232,encryption.realty,available,99.8,456.98,high,low,10,namecheap,,,29/09/2026 18:46
01cbb56a-4744-4349-a9e2-c3830bdbc90d,lovesick.realty,available,99.8,456.98,medium,low,8,namecheap,,,24/08/2026 10:18
838aa670-5265-4301-9d09-12c7feb27d5d,lessons.realty,available,99.8,456.98,medium,low,7,namecheap,,,25/09/2026 19:53
6659454c-73d5-456e-8b31-3b03979c9c67,appointive.realty,available,99.8,456.98,medium,low,10,namecheap,,,06/08/2026 07:16
f205c367-4ff9-473a-af09-a3f3e1680856,donkey.realty,available,88.18,289.16,high,low,6,spaceship,,,29/09/2026 16:28
22b80a66-50f5-451c-995f-41107ffd9990,ascent.realty,available,99.8,456.98,high,low,6,namecheap,,,22/09/2026 09:19
80a6094c-9026-4be0-9a1b-dd7090fc7059,isolating.realty,available,109.99,299,medium,low,9,namesilo,,,01/10/2026 22:59
b9edf252-054f-4d14-b749-1bba5e86ea56,mervyn.realty,available,109.99,299,medium,low,6,namesilo,,,30/09/2026 20:52
61127442-33f5-4f11-830b-56254d2dbdba,northeast.realty,premium,910,1300,medium,low,9,namecheap,,,28/09/2026 16:59
c3bfa378-23a2-4949-af24-e8c43f9b9b46,endearing.realty,available,99.8,456.98,high,low,9,namecheap,,,21/09/2026 19:24
8c28022e-4cb9-4f67-8f34-207bd3572061,ncr.realty,available,99.8,456.98,high,low,3,namecheap,,,30/09/2026 19:37
112f2749-fb0c-475c-b1bb-103ff9602415,judge.realty,available,109.99,299,high,low,5,namesilo,,,25/09/2026 05:43
9f7c8ae4-b151-41bd-95ba-34c67c7e6439,propeller.realty,available,88.18,289.16,high,low,9,spaceship,,,29/09/2026 01:54
92d7e5f3-7eec-4a00-b51a-f57affc33cb9,junky.realty,available,109.99,299,medium,low,5,namesilo,,,17/09/2026 06:52
39c18d0e-4217-4159-81b7-c18147a1168b,anglesea.realty,available,109.99,299,medium,low,8,namesilo,,,19/09/2026 06:27
7474ca06-84a5-4302-8099-db93331d15bc,brainwash.realty,available,109.99,299,high,low,9,namesilo,,,30/09/2026 16:18
1b908bec-9ec4-42e8-b4e0-440b0039fdd1,delectable.realty,available,99.8,456.98,high,low,10,namecheap,,,14/08/2026 00:21
51a3a778-3a00-4c24-b62f-782a9117d797,player.realty,available,109.99,299,high,low,6,namesilo,,,01/10/2026 03:06
31bf4d37-a3be-44ba-be2a-13984623ac14,catholicism.realty,available,109.99,299,high,low,11,namesilo,,,17/09/2026 00:07
33ecc401-eb26-44e5-9503-0554cb073adb,cultivars.realty,available,280.2,280.2,low,low,9,cloudflare,,,28/09/2026 00:23
c5b75d56-2ec4-4c0c-b3fc-4301a9c5d778,delusions.realty,available,96.52,299.82,low,low,9,dynadot,,,30/09/2026 23:37
7c08bcb5-e447-4c1c-8c9b-dcc7ea912140,interviewer.realty,available,88.18,289.16,high,low,11,spaceship,,,30/09/2026 19:57
3854cb0e-86b3-4b46-be88-5dcbe6948fbe,crowd.realty,available,99.8,456.98,high,low,5,namecheap,,,29/09/2026 12:13
632c9b54-9107-4abf-a285-0961d1c9b368,pearson.realty,available,109.99,299,high,medium,7,namesilo,,,25/09/2026 17:36
8d2ff829-50cf-423f-ad0c-95c7cdbd1aaf,silver.realty,premium,1107,1107,high,medium,6,namesilo,,,29/09/2026 07:48
d4d373f1-f7e8-4e40-ae54-7bd78067d397,fazed.realty,available,99.8,456.98,medium,low,5,namecheap,,,10/08/2026 21:00
40f08cb9-28b1-4644-9633-6d776a73c58e,btw.realty,available,88.18,289.16,high,low,3,spaceship,,,01/10/2026 04:54
1fa89ff4-8d5d-4398-be15-855771b7580e,typo.realty,available,99.8,456.98,high,low,4,namecheap,,,24/08/2026 07:23
e1a68a13-b929-4042-8374-7ba2134e04e2,bach.realty,available,109.99,299,high,low,4,namesilo,,,21/09/2026 14:07
514aaf19-e221-45b0-a6dd-b7ff46f08bec,giant.realty,available,109.99,299,high,low,5,namesilo,,,24/09/2026 13:50
c386ce60-f4c3-42ff-a5ce-5a46340e3626,nosy.realty,available,99.8,456.98,medium,low,4,namecheap,,,03/09/2026 21:48
3be022b5-365a-42d5-9517-23543d1a04fb,ackee.realty,available,109.99,299,medium,low,5,namesilo,,,17/09/2026 01:52
3c3b1a2a-d00b-4df8-802f-f3618dba0380,gee.realty,available,96.52,299.82,high,low,3,dynadot,,,29/09/2026 20:19
5771afd3-1bd5-4b01-87c9-980b2222cdd6,achieve.realty,available,109.99,299,high,low,7,namesilo,,,28/09/2026 03:16
bcdccbba-ab64-4e6e-b6d8-ecb65931c90c,incurable.realty,available,99.8,456.98,medium,low,9,namecheap,,,22/08/2026 02:06
ebf5e48f-ca65-46ec-9374-b7f8f8a50cc6,cook.realty,available,109.99,299,high,low,4,namesilo,,,27/09/2026 10:07
6a579555-b596-4431-bb5c-f7484bf1a043,chairmen.realty,available,109.99,299,medium,low,8,namesilo,,,18/09/2026 22:56
3b6f8787-c8dd-4b5e-aa88-7029a0cc3a08,brinkley.realty,available,109.99,299,high,low,8,namesilo,,,01/10/2026 11:00
fbe87a1c-3cce-4380-a39f-d5a55c95d4ff,rhino.realty,available,280.2,280.2,high,low,5,cloudflare,,,29/09/2026 20:11
0002a693-4f1d-4efc-bdce-f7ead9ff7413,important.realty,available,109.99,299,high,low,9,namesilo,,,22/09/2026 13:54
98da001c-3574-4ba4-91f8-8c5e46c50672,denominations.realty,available,109.99,299,low,low,13,namesilo,,,21/09/2026 00:01
9b405e60-afc8-4caa-b06b-eec7051e7aac,bloch.realty,available,88.18,289.16,medium,low,5,spaceship,,,28/09/2026 00:50
182906c3-e6c7-4975-bb06-85ffd5deae3f,plant.realty,available,109.99,299,high,low,5,namesilo,,,02/10/2026 07:49
76a03d1a-385c-4040-b0f8-bcedc079ded9,institution.realty,available,109.99,299,high,low,11,namesilo,,,27/09/2026 08:25
64c6ef41-ad19-4918-bc41-438b3b4db80a,perceiver.realty,available,99.8,456.98,high,low,9,namecheap,,,08/09/2026 16:18
9695887c-641f-4fa2-af64-d4aeab5c20bd,hotcake.realty,available,99.8,456.98,high,low,7,namecheap,,,22/09/2026 14:33
f554c0da-2299-43a2-8977-88c610921ded,eloquently.realty,available,99.8,456.98,medium,low,10,namecheap,,,13/09/2026 20:54
3f471de7-1017-4db2-9376-1b6c6c258955,expandable.realty,available,99.8,456.98,high,low,10,namecheap,,,17/08/2026 17:51
98589a59-da29-4426-9a05-7682cb934334,susquehanna.realty,available,109.99,299,medium,low,11,namesilo,,,27/09/2026 01:59
c93ab944-8e96-47ef-b019-ad0f6ac58371,bones.realty,available,109.99,299,medium,low,5,namesilo,,,29/09/2026 03:19
f0240e1c-c408-4634-b0a4-c6ba12151c1c,links.realty,available,88.18,289.16,high,medium,5,spaceship,,,29/09/2026 21:04
a9c638e2-bb90-4ac4-a1c5-69dcf23c08ab,prying.realty,available,99.8,456.98,medium,low,6,namecheap,,,03/09/2026 21:52
6698bae9-66eb-4fb3-afac-d2f0d0752bc2,bingo.realty,available,99.8,456.98,high,low,5,namecheap,,,22/09/2026 20:37
c75da937-db19-4ed7-b35f-2af7d3bf2b9a,stinky.realty,available,99.8,456.98,high,low,6,namecheap,,,13/08/2026 05:18
2f206ed1-f089-443b-b8d1-d023f355c267,balboa.realty,available,99.8,456.98,high,low,6,namecheap,,,21/09/2026 21:24
b49ef9cc-acad-419f-afce-9a34d29b088a,fluorine.realty,available,99.8,456.98,medium,low,8,namecheap,,,21/09/2026 00:03
b47099e8-7742-4c15-a6bc-31bc1fa79efc,busybodied.realty,available,99.8,456.98,medium,low,10,namecheap,,,11/08/2026 11:28
24938714-6921-4a04-9367-065bb722e354,judgments.realty,available,99.8,456.98,medium,low,9,namecheap,,,30/09/2026 15:26
d146f750-9290-4db0-b39a-5169f9b71e5f,measurement.realty,available,109.99,299,high,low,11,namesilo,,,01/10/2026 14:29
26639374-53f2-4892-be00-dc2745ff746b,stash.realty,available,109.99,299,high,low,5,namesilo,,,30/09/2026 08:53
576ad614-2530-449d-b50e-0e1b76f70fd6,procedures.realty,available,99.8,456.98,medium,low,10,namecheap,,,18/09/2026 17:33
589aa1da-a51c-4848-b6cc-0eb74e1eb621,routines.realty,available,88.18,289.16,medium,low,8,spaceship,,,30/09/2026 15:00
a5637930-b11f-4b80-8cab-bb48e2e8109d,cunt.realty,available,99.8,456.98,high,high,4,namecheap,,,09/09/2026 06:37
500ed660-cdbd-4824-82e3-750e0aad33bc,smetana.realty,available,109.99,299,medium,low,7,namesilo,,,22/09/2026 23:32
3835696e-0a3d-419a-848b-3b7bb0dec3d4,birling.realty,available,99.8,456.98,medium,low,7,namecheap,,,23/09/2026 20:48
523692a5-8bba-47f1-89da-ce0db99d4a70,piled.realty,available,88.18,289.16,medium,low,5,spaceship,,,02/10/2026 12:34
c6524791-c399-443a-bd12-77cdc5e80e02,seen.realty,available,93.2,288.88,high,low,4,porkbun,,,30/09/2026 23:03
32070ce2-ce55-426e-a0fb-b9fe7774dc2e,toronto.realty,premium,4550,6500,high,low,7,namecheap,,,29/09/2026 02:20
f375459f-4319-4bd3-8d48-56ee85c0fd55,portion.realty,available,99.8,456.98,high,low,7,namecheap,,,15/09/2026 19:05
a4f35de1-3f9b-443c-98e9-075fd3656137,bassia.realty,available,109.99,299,medium,low,6,namesilo,,,22/09/2026 12:17
2ce758ee-378a-45d6-8c5b-424b5c8f6af7,yearning.realty,available,88.18,289.16,high,low,8,spaceship,,,30/09/2026 17:56
d9bc51f2-1a0f-4ebe-bd01-aa4e95d80464,alcoves.realty,available,109.99,299,low,low,7,namesilo,,,20/09/2026 22:35
0862bf60-baa3-452f-839f-2f508cdfb74f,terri.realty,available,109.99,299,medium,low,5,namesilo,,,29/09/2026 09:23
4224eee0-fc4f-442a-b0ed-7e3bdbcf42bd,tomlinson.realty,available,88.18,289.16,medium,low,9,spaceship,,,28/09/2026 12:15
a19c081a-cd2e-4d55-b954-e03ea369577a,comprehensive.realty,available,280.2,280.2,medium,low,13,cloudflare,,,29/09/2026 02:53
cee85f02-0c79-4544-b681-78fa2e02bd19,fortnight.realty,available,109.99,299,high,low,9,namesilo,,,02/10/2026 04:55
a490abdd-b082-47e4-b9f0-ae42c22a590a,buckshot.realty,available,99.8,456.98,high,low,8,namecheap,,,23/09/2026 20:24
60a443d5-48fe-44b2-a1e8-42a3bcc6da82,coupling.realty,available,99.8,456.98,high,low,8,namecheap,,,30/09/2026 16:49
37eab392-3a5f-49f5-95a4-46982ed678c7,conditional.realty,available,88.18,289.16,high,low,11,spaceship,,,30/09/2026 11:31
dff6863c-e69d-4c1e-9002-0eac7d345729,myth.realty,available,88.18,289.16,high,low,4,spaceship,,,28/09/2026 02:27
965cc02b-72a1-41c0-ae62-c8b8c0fe11cc,leonardo.realty,available,96.52,299.82,high,low,8,dynadot,,,28/09/2026 18:51
b6cded0b-e846-4115-bbed-ba87ed520745,awny.realty,available,99.8,456.98,medium,low,4,namecheap,,,08/08/2026 01:25
81f7fb47-d870-42c2-ada3-b9676ffc3eb2,majorca.realty,available,93.2,288.88,medium,low,7,porkbun,,,03/10/2026 01:32
13931c0f-c250-4063-a2bc-1a275d3c2642,blinking.realty,available,99.8,456.98,high,low,8,namecheap,,,22/09/2026 21:58
db6632e0-cb7b-4f29-94b4-c5496323f41d,mantrap.realty,available,99.8,456.98,medium,low,7,namecheap,,,22/08/2026 16:50
8a885eb0-fccc-438f-afac-3478ec5ed420,superior.realty,premium,875,1250,high,low,8,name.com,,,21/08/2026 09:12
22092189-0565-4d5b-9760-ac33a29c061e,zinn.realty,available,88.18,289.16,medium,low,4,spaceship,,,03/10/2026 02:52
6042fc0a-72cd-4482-a437-b911c14acfbb,adobe.realty,available,99.8,456.98,high,high,5,namecheap,,,28/09/2026 18:52
dc174167-15f7-477f-99cc-97eb492ba664,zipper.realty,available,109.99,299,high,low,6,namesilo,,,01/10/2026 03:44
35ba27d9-6fa6-42b9-91cf-84349f7858bd,impostor.realty,available,99.8,456.98,medium,low,8,namecheap,,,09/09/2026 04:59
883a36f1-b128-4489-81ce-43d37bb39a00,matai.realty,available,109.99,299,medium,low,5,namesilo,,,24/09/2026 01:23
35409092-7ee8-4fad-bf6f-9a1328bf19f5,steerable.realty,available,99.8,456.98,medium,low,9,namecheap,,,14/08/2026 09:00
c3ee3d73-5284-45db-b842-4d0b6e8ab733,amanuensis.realty,available,109.99,299,medium,low,10,namesilo,,,18/09/2026 15:49
9b4a2910-b7e5-4060-b801-c59c15773d32,occurs.realty,available,280.2,280.2,medium,low,6,cloudflare,,,28/09/2026 17:56
69fb74f9-8ea2-4cbb-b1f1-a8a8b22a22d4,repetitive.realty,available,99.8,456.98,medium,low,10,namecheap,,,22/08/2026 07:14
e7dde1eb-2421-43ec-a0a4-0287e143b75e,crabs.realty,available,109.99,299,high,low,5,namesilo,,,29/09/2026 00:30
16248a02-5ee0-4f68-bde3-ffc255eebd0d,tilled.realty,available,99.8,456.98,medium,low,6,namecheap,,,11/09/2026 15:57
e52c5781-4ea6-4f86-b2f5-44d8e91d24dc,plata.realty,available,109.99,299,high,low,5,namesilo,,,27/09/2026 02:58
b9f04baa-2070-4e2d-aed0-d6b1bb39f962,ards.realty,available,109.99,299,medium,low,4,namesilo,,,17/09/2026 10:14
f3c43817-76c0-46ee-a6b8-b41618b19601,row.realty,available,109.99,299,high,low,3,namesilo,,,25/09/2026 05:05
f78923cb-b1d4-4c45-a496-e65e396acd91,antic.realty,available,99.8,456.98,high,low,5,namecheap,,,
10a82ffd-101b-4fb3-8271-12bfffba1d49,storming.realty,available,109.99,299,medium,low,8,namesilo,,,02/10/2026 07:28
a7951470-ff6a-41dc-850b-c006b67e7889,eruption.realty,available,109.99,299,high,low,8,namesilo,,,24/09/2026 15:18
bb1c64b9-1c45-41b4-b4be-e025c87e03dd,nipple.realty,available,109.99,299,high,low,6,namesilo,,,30/09/2026 02:11
b123d17c-54ad-4eb4-bab3-109eb75fb62c,kao.realty,available,280.2,280.2,high,low,3,cloudflare,,,30/09/2026 13:44
20e82de2-54d3-45e5-b001-d02ba9dc3b3b,reflection.realty,available,109.99,299,high,low,10,namesilo,,,25/09/2026 22:24
7caf1c21-0157-40d4-95b3-bce40d7f3d2f,sacrificial.realty,available,93.2,288.88,high,low,11,porkbun,,,02/10/2026 16:52
fd767b52-d742-4d42-be35-40caa145ef00,vampires.realty,available,96.52,299.82,medium,low,8,dynadot,,,28/09/2026 13:22
76503700-ab35-40e3-bd7f-f5924f812cd8,duluth.realty,premium,5500,5500,high,low,6,dynadot,,,01/10/2026 19:17
54fcacf1-73a1-42c6-973d-4764589357d4,commenting.realty,available,109.99,299,high,low,10,namesilo,,,01/10/2026 22:00
a16cb606-4665-49e3-a37f-efa8571fa685,toughest.realty,available,109.99,299,medium,low,8,namesilo,,,30/09/2026 00:39
ba2c2e63-537e-454c-a887-e19700cd68ba,aguish.realty,available,99.8,456.98,medium,low,6,namecheap,,,
d02f9a89-97c8-411b-93dd-3713826da1f2,bennett.realty,available,109.99,299,high,low,7,namesilo,,,23/09/2026 08:31
636310c3-d568-436b-b9c8-83d195db3330,ceiling.realty,available,99.8,456.98,high,low,7,namecheap,,,24/09/2026 13:23
af55858a-8301-4360-9b8f-1021b3ee4a07,papillary.realty,available,99.8,456.98,medium,low,9,namecheap,,,05/09/2026 01:21
5af83f31-0bbb-4299-bfbb-46e909bd2fe3,unholy.realty,available,99.8,456.98,medium,low,6,namecheap,,,14/08/2026 01:33
ce9c9b87-4415-42c8-87b8-d8ee4cfd7b43,gaylord.realty,available,109.99,299,high,low,7,namesilo,,,29/09/2026 03:38
93007a38-71df-42be-8e89-3425fab97d65,phrases.realty,available,280.2,280.2,medium,low,7,cloudflare,,,02/10/2026 21:24
e92ba639-9b13-4ab1-8380-a4850b279823,staple.realty,available,99.8,456.98,high,low,6,namecheap,,,10/09/2026 18:45
cf9e5d34-35cb-4742-8655-1287269b7ade,disapproval.realty,available,109.99,299,medium,low,11,namesilo,,,
eddebe39-0ba6-49fc-98b3-9e68d225cdfc,adoringly.realty,available,99.8,456.98,medium,low,9,namecheap,,,13/09/2026 17:23
b9a14fe2-ed7f-45ae-97e0-2a4739b97268,tip.realty,available,109.99,299,high,low,3,namesilo,,,25/09/2026 13:19
e70d1441-b114-4902-996f-463b0b606036,interstate.realty,available,109.99,299,high,low,10,namesilo,,,25/09/2026 10:24
18a4091c-5974-4429-8460-79357b394e3e,exe.realty,available,93.2,288.88,high,low,3,porkbun,,,01/10/2026 06:45
f703050d-f6f2-4685-89cd-d3b335c76389,heartsease.realty,available,109.99,299,medium,low,10,namesilo,,,20/09/2026 19:40
01ee6443-af2d-4c13-baa9-bd7bfedda7ee,leger.realty,available,109.99,299,high,low,5,namesilo,,,16/09/2026 23:07
3808fe9e-af2c-4e51-aa30-cb8bdc9d4d1c,connaught.realty,available,99.8,456.98,medium,low,9,namecheap,,,30/09/2026 21:44
eb09f27f-0f5b-4a74-8750-d3cdf1f5e9d5,schemes.realty,available,109.99,299,medium,low,7,namesilo,,,29/09/2026 17:00
d37cd55d-9578-4a8e-889e-67bbde43179e,kagan.realty,available,88.18,289.16,medium,low,5,spaceship,,,30/09/2026 12:34
efcf21f8-6726-41e3-844a-e83f4467d047,dogwalking.realty,available,99.8,456.98,high,low,10,namecheap,,,18/09/2026 19:10
7ac87a30-b884-4dc4-aafa-a1ebb0c97785,acid.realty,available,99.8,456.98,high,low,4,namecheap,,,
26fc5456-af5d-45f0-8baf-386c22e9548a,wreck.realty,available,109.99,299,high,low,5,namesilo,,,27/09/2026 05:55
3ec56684-fbfb-4f10-b337-d8cae52cc4a9,nihon.realty,available,109.99,299,high,low,5,namesilo,,,29/09/2026 13:34
9e3d9f45-3860-44ac-a8b0-e6b902c77db5,argos.realty,available,109.99,299,high,medium,5,namesilo,,,20/09/2026 04:43
8310ae01-c8fe-4267-be14-f5208341262d,clem.realty,available,109.99,299,medium,low,4,namesilo,,,01/10/2026 22:57
2885fc49-4d57-46b9-9be0-aa7d3c12751d,maker.realty,available,280.2,280.2,high,medium,5,cloudflare,,,01/10/2026 23:55
0cfe7978-6f1b-4079-83f9-e2fa773fd368,syllables.realty,available,109.99,299,medium,low,9,namesilo,,,30/09/2026 22:56
3d82a940-5aee-40d5-914b-743a04278956,bout.realty,available,96.52,299.82,high,low,4,dynadot,,,28/09/2026 18:28
3c4a237e-562d-43be-a934-b57619729968,exact.realty,available,109.99,299,high,low,5,namesilo,,,24/09/2026 15:46
162067f9-6c15-471a-8fc0-1c37f97d7f68,goodwin.realty,available,109.99,299,high,low,7,namesilo,,,02/10/2026 13:51
88950ec0-78f3-4b83-aeb2-54514be7e09b,titans.realty,available,88.18,289.16,high,low,6,spaceship,,,01/10/2026 17:53
05f4ba55-d255-4500-aa32-981e9235da6c,boutique.realty,available,109.99,299,high,low,8,namesilo,,,02/10/2026 10:33
e5c819a0-a9f5-4c17-8fde-180e740a56ab,shivering.realty,available,99.8,456.98,high,medium,9,namecheap,,,10/09/2026 06:40
bf2e12f2-48ba-4221-bccc-9dd2c54c97e0,publish.realty,available,109.99,299,high,low,7,namesilo,,,28/09/2026 06:03
17944103-cfb0-4eb3-8082-4206d1e03437,dowdy.realty,available,99.8,456.98,medium,low,5,namecheap,,,14/08/2026 17:09
7cdadf05-e3c9-4ac6-8bab-7e0ca5dd3b54,morehead.realty,available,109.99,299,medium,low,8,namesilo,,,30/09/2026 04:30
99a9a5be-abb6-49f8-8fc8-437a195d4fef,unplug.realty,available,280.2,280.2,high,low,6,cloudflare,,,29/09/2026 15:31
f6f3c96a-481c-48d9-a380-2bd86cdd5a6c,srs.realty,available,88.18,289.16,high,low,3,spaceship,,,29/09/2026 23:23
37f7f562-87a3-487a-a7dc-3b4ce530fc87,alkyne.realty,available,109.99,299,medium,low,6,namesilo,,,17/09/2026 00:25
0d94d566-2bee-4508-b1d5-4e621c0c65e2,plump.realty,available,99.8,456.98,high,low,5,namecheap,,,12/08/2026 07:35
b5b4e8a4-4dcf-474b-b1eb-4720c0e6d47f,atole.realty,available,109.99,299,medium,low,5,namesilo,,,20/09/2026 21:52
ce7217f3-7bbf-4ba1-9949-b1669eeca431,sisal.realty,available,109.99,299,medium,low,5,namesilo,,,17/09/2026 16:39
b4d30733-169d-4377-bbc6-e6408fa2e22f,hotel.realty,available,109.99,299,high,medium,5,namesilo,,,29/09/2026 23:01
9ad5423a-c210-405c-95e2-a9c5dc3d575e,mush.realty,available,88.18,289.16,high,low,4,spaceship,,,02/10/2026 04:27
edfc91d6-de00-424e-8680-41be21f95196,sweep.realty,available,109.99,299,high,low,5,namesilo,,,24/09/2026 10:48
d036d55b-c794-4e22-a404-534658117728,ucla.realty,available,109.99,299,high,low,4,namesilo,,,25/09/2026 15:03
00ff136a-450f-4ab9-aa87-2eb9cd2b8617,peirce.realty,available,109.99,299,medium,low,6,namesilo,,,23/09/2026 08:23
067a5b57-9dcb-48a3-a852-2ee32bb75038,developers.realty,available,109.99,299,high,low,10,namesilo,,,02/10/2026 02:57
85f06cbc-a9c0-49d4-8451-4f5b064dffb9,aggregate.realty,available,99.8,456.98,high,low,9,namecheap,,,
1ac4c595-7180-4ed6-97a0-a1dcaf373044,intragroup.realty,available,99.8,456.98,medium,low,10,namecheap,,,22/08/2026 08:41
befb0d27-5e7f-42a0-92c4-f631f4de1611,anecdotes.realty,available,109.99,299,low,low,9,namesilo,,,02/10/2026 03:02
82fe9bc8-0113-4ce9-b67b-3cc39f9d1e78,conflicted.realty,available,109.99,299,medium,low,10,namesilo,,,01/10/2026 07:28
3729eb33-92f5-4a8b-8f03-927fe0b866af,gangly.realty,available,99.8,456.98,medium,low,6,namecheap,,,18/08/2026 20:09
58a27bc1-0082-4311-a178-88ee34909c2c,menopausal.realty,available,99.8,456.98,medium,low,10,namecheap,,,24/08/2026 20:15
344bc8db-b21c-4a2d-8285-858cffe7532e,cadets.realty,available,280.2,280.2,medium,low,6,cloudflare,,,30/09/2026 00:49
db09030d-48c4-4211-87ed-1e2abbcf294b,colossal.realty,available,99.8,456.98,high,low,8,namecheap,,,12/08/2026 17:57
b01b3b31-589c-46e6-b304-77911c6d539e,savagery.realty,available,99.8,456.98,medium,low,8,namecheap,,,22/09/2026 04:29
a57a28f5-24e6-4417-9215-08cd1393285a,secluded.realty,available,109.99,299,high,low,8,namesilo,,,27/09/2026 06:24
dd5e6548-9278-44e1-bea2-0ecfa09d4200,thea.realty,available,88.18,289.16,high,low,4,spaceship,,,30/09/2026 11:10
677e6df8-2a32-4c5b-b247-b641d409d7bd,spraying.realty,available,88.18,289.16,high,low,8,spaceship,,,01/10/2026 19:08
c6207f30-babd-41e3-8adf-b6cddfe9716e,sabbatic.realty,available,99.8,456.98,medium,low,8,namecheap,,,09/09/2026 20:32
cbb7fbfb-6957-41b7-8b62-8b478631c563,profess.realty,available,99.8,456.98,high,low,7,namecheap,,,30/09/2026 17:40
0d2782ff-4bea-4896-a2c0-f01596a6f714,menopause.realty,available,109.99,299,high,low,9,namesilo,,,30/09/2026 16:40
f6252721-5916-4cc9-b52d-1fbf30e4c31b,vocative.realty,available,99.8,456.98,medium,low,8,namecheap,,,13/09/2026 06:31
978924cf-5cf8-43ef-aede-df232532c310,katanga.realty,available,96.52,299.82,medium,low,7,dynadot,,,30/09/2026 21:27
baf96030-fc8e-480f-a60d-fef27ac98ecf,academically.realty,available,109.99,299,medium,low,12,namesilo,,,03/10/2026 02:36
3bd42f17-a5a5-4289-be0a-428a045ac200,dickerson.realty,available,93.2,288.88,medium,low,9,porkbun,,,29/09/2026 09:51
4217e960-449c-4390-9e08-5fb722292d86,stanford.realty,premium,1107,1107,high,low,8,namesilo,,,28/09/2026 06:08
564ba8a5-e38b-4f27-a766-ffc0f500ba46,strict.realty,available,99.8,456.98,medium,low,6,namecheap,,,21/08/2026 00:17
2a051462-7e94-4cd7-bed8-f3c047becfef,permutable.realty,available,99.8,456.98,medium,low,10,namecheap,,,08/09/2026 17:50
116c222b-da02-41f9-8690-5f834c0595d7,hsc.realty,available,88.18,289.16,high,low,3,spaceship,,,02/10/2026 19:05
0620cc6a-9ff5-4397-b563-a5f20614ebb0,runaway.realty,available,99.8,456.98,medium,low,7,namecheap,,,02/10/2026 11:19
631fd80f-bc2a-42cc-8dc9-defca050547f,polyatomic.realty,available,99.8,456.98,medium,low,10,namecheap,,,08/09/2026 23:10
e9969015-cf62-428d-b077-b996803999c7,athyrium.realty,available,99.8,456.98,medium,low,8,namecheap,,,20/09/2026 21:22
22a1d851-23aa-4fd2-b5ab-512f890067a7,naacp.realty,available,109.99,299,medium,low,5,namesilo,,,25/09/2026 13:20
9db2c039-5e56-4979-b160-57b4cf8e4b77,slanting.realty,available,99.8,456.98,medium,low,8,namecheap,,,07/08/2026 04:20
3340b937-ec55-430d-a654-ffd68f94e927,paroxysmal.realty,available,99.8,456.98,medium,low,10,namecheap,,,08/09/2026 01:54
47aa857d-9c07-419b-8b2a-607f9d8b0c4f,rooms.realty,available,88.18,289.16,high,low,5,spaceship,,,30/09/2026 10:23
5c8b3ee1-e862-4ebf-9e14-7f50bffd8460,upright.realty,available,99.8,456.98,high,low,7,namecheap,,,17/08/2026 12:05
dbe5dad6-fd79-4686-af18-e4e09ed82faa,proving.realty,available,109.99,299,high,low,7,namesilo,,,28/09/2026 11:26
66949924-9b4b-4c69-b08f-8056da46c99f,kochia.realty,available,99.8,456.98,medium,low,6,namecheap,,,22/09/2026 12:18
bd31294a-23a6-4391-9c91-45ee909ba59e,claxon.realty,available,109.99,299,medium,low,6,namesilo,,,23/09/2026 01:29
fa9e910d-d02e-4a55-ba43-11fc0d8dfdbb,pendleton.realty,available,109.99,299,high,medium,9,namesilo,,,27/09/2026 08:11
a4e75da0-c06b-439d-9e69-2c9d92c459ce,comforted.realty,available,109.99,299,high,low,9,namesilo,,,23/09/2026 15:14
9dad7c3f-4ac1-429f-8df9-26135de29159,fatigue.realty,available,109.99,299,high,low,7,namesilo,,,25/09/2026 11:36
9e9e82ea-b2ef-4efc-9bed-6d50bd49b9d9,psychologists.realty,available,88.18,289.16,medium,low,13,spaceship,,,01/10/2026 18:37
c71a170a-7528-449e-a8c2-12786e8fa84c,benedict.realty,available,109.99,299,high,low,8,namesilo,,,23/09/2026 07:52
36371848-ace9-440c-9d11-7409f35ea02c,touchstone.realty,available,99.8,456.98,high,low,10,namecheap,,,10/09/2026 18:36
abe85a62-c6b2-4bf9-b133-3437c657f4d1,eir.realty,available,280.2,280.2,high,low,3,cloudflare,,,01/10/2026 22:54
dae941e6-5281-4427-be7d-f597e5e3fd0d,recite.realty,available,96.52,299.82,high,low,6,dynadot,,,29/09/2026 20:08
d48e37fa-69c1-406a-b388-59b3a26288b8,correlated.realty,available,99.8,456.98,high,low,10,namecheap,,,13/08/2026 02:01
be3aeb5e-e90a-4ea6-a2e4-28aab3040957,alfonso.realty,available,88.18,289.16,high,low,7,spaceship,,,30/09/2026 20:57
d5dd8be3-7b95-46c4-8fbf-37c40083da9b,boaster.realty,available,99.8,456.98,medium,low,7,namecheap,,,11/08/2026 01:18
ace9833e-f874-4fe0-8d59-2098949a9798,cloaks.realty,available,109.99,299,medium,low,6,namesilo,,,17/09/2026 14:28
64936521-422e-4a85-b640-884e4a5e74b4,manually.realty,available,99.8,456.98,medium,low,8,namecheap,,,15/09/2026 13:27
43299892-f43a-4645-a1f6-8566c482505c,beignet.realty,available,109.99,299,medium,low,7,namesilo,,,23/09/2026 04:07
ce6f7be3-ff14-4756-91a6-6ac44f2f023a,producer.realty,available,109.99,299,high,low,8,namesilo,,,25/09/2026 10:38
3b4356de-c772-46fb-a1fc-f897def56622,passed.realty,available,109.99,299,medium,low,6,namesilo,,,
5e756271-9481-42ba-83d8-f5831d50d225,wifelike.realty,available,99.8,456.98,medium,low,8,namecheap,,,13/09/2026 00:29
94a41afc-6778-4545-8db9-f52e42f9e2fc,stuttering.realty,available,99.8,456.98,medium,low,10,namecheap,,,02/10/2026 07:31
d33769cb-dbf5-4a84-8fd0-2093757a663e,confident.realty,available,99.8,456.98,high,low,9,namecheap,,,23/09/2026 19:37
6b1c39c4-8eaf-4843-a851-96c69402e554,ripping.realty,available,99.8,456.98,high,low,7,namecheap,,,09/09/2026 13:59
aee0945e-04eb-4cd1-95e0-bf203e176ead,smartness.realty,available,99.8,456.98,high,low,9,namecheap,,,12/08/2026 04:49
40b07938-a943-4e22-85dc-4dde30a89214,rugged.realty,available,99.8,456.98,high,low,6,namecheap,,,18/08/2026 18:56
abb981b0-8123-4251-a9f8-b3d73717e660,herpes.realty,available,280.2,280.2,high,low,6,cloudflare,,,30/09/2026 17:37
69b88ce5-06b6-4e0d-8a04-965dc197f9e7,wins.realty,available,99.8,456.98,high,low,4,namecheap,,,18/09/2026 14:21
28c6da93-fa95-4255-9189-d82b5a2f6a53,cretan.realty,available,280.2,280.2,high,low,6,cloudflare,,,30/09/2026 01:09
1026009c-5b2c-428d-b87c-19abe574b62d,quantum.realty,available,93.2,288.88,high,medium,7,porkbun,,,28/09/2026 15:10
bb1ceedf-c244-45d0-a3bf-1e2f2d7d7974,berne.realty,available,99.8,456.98,medium,low,5,namecheap,,,23/09/2026 09:45
dd3caf17-a1d7-4e45-baf2-20d23c533c53,carson.realty,available,88.18,289.16,high,low,6,spaceship,,,28/09/2026 01:36
d961ed67-a2f5-44b6-896f-cd9a8f8c2e2b,leaks.realty,available,109.99,299,medium,low,5,namesilo,,,18/09/2026 06:46
414f39f2-0465-4116-84a8-1807b662f9c4,hideout.realty,available,88.18,289.16,high,low,7,spaceship,,,01/10/2026 19:58
761944d6-7ac3-4a54-8894-2000d6e1399a,harbor.realty,available,88.18,289.16,high,low,6,spaceship,,,28/09/2026 05:56
7bfa4e9b-6851-47ef-9af0-71b61441f4fe,wheezing.realty,available,99.8,456.98,medium,low,8,namecheap,,,07/08/2026 09:25
0181b064-c74a-45f9-b41a-399a1b2306d6,psychiatry.realty,available,88.18,289.16,high,low,10,spaceship,,,29/09/2026 20:04
09f2c016-7b01-44ec-98bd-25b1b0611301,ignition.realty,available,88.18,289.16,high,low,8,spaceship,,,28/09/2026 10:06
e5610d2a-2c9c-49ad-add3-5a65900f3259,osu.realty,available,99.8,456.98,high,low,3,namecheap,,,01/10/2026 11:42
a71ddaa8-e23e-4676-b9af-5b49b47af236,improvable.realty,available,99.8,456.98,medium,low,10,namecheap,,,21/08/2026 23:14
9bc85f28-bcb9-488b-8b2d-9bb5b9131f65,inventing.realty,available,88.18,289.16,medium,low,9,spaceship,,,02/10/2026 02:11
62ce639a-0ac8-473d-b4e4-4937867bb432,ratios.realty,available,99.8,456.98,medium,low,6,namecheap,,,20/09/2026 23:23
97bae71b-a4ab-46d5-87d9-181a3b5789c3,pondering.realty,available,99.8,456.98,high,low,9,namecheap,,,11/08/2026 06:01
e73e10fa-aa15-41e1-87d4-34daa274c527,impairment.realty,available,179.99,349.99,medium,low,10,name.com,,,13/08/2026 19:25
0f31daa5-4b88-4f4c-8d1c-7dc35420c3ca,ototoxic.realty,available,99.8,456.98,medium,low,8,namecheap,,,04/09/2026 18:36
fa98dc16-8a59-4d61-bd80-c2c484343df4,ducktape.realty,available,99.8,456.98,high,low,9,namecheap,,,27/09/2026 08:55
8db05242-f265-4011-992d-ebb14db04cda,nepalese.realty,available,99.8,456.98,medium,low,8,namecheap,,,03/09/2026 15:35
c41d4a1c-e12d-44c8-8079-b0fab7ac29b2,commencement.realty,available,109.99,299,high,low,12,namesilo,,,02/10/2026 01:17
020a88d0-09e1-4432-b146-6c29ba68614b,pre.realty,available,109.99,299,high,low,3,namesilo,,,02/10/2026 02:30
184b11d2-3597-483c-81e1-5cd1305a6803,dragons.realty,available,109.99,299,medium,low,7,namesilo,,,28/09/2026 12:57
a6a9626a-6bde-42d0-ae54-e2fdd92e29ff,tangle.realty,available,109.99,299,high,low,6,namesilo,,,25/09/2026 17:42
88b0f930-6432-43a2-8be8-f145490a69cb,tuition.realty,available,96.52,299.82,high,low,7,dynadot,,,28/09/2026 15:30
140e262e-5f85-47c2-bde7-80ff9d0ec515,evoked.realty,available,99.8,456.98,medium,low,6,namecheap,,,16/08/2026 04:33
de4482ba-2f2d-4c48-8a11-82d86d9f4413,tanya.realty,available,96.52,299.82,high,low,5,dynadot,,,28/09/2026 16:17
30bbdba7-ccac-43d1-9a9d-ffb2dccdbd7e,babbler.realty,available,109.99,299,high,low,7,namesilo,,,21/09/2026 12:25
726a6b88-00d0-4e58-afc4-5b8dd56b1f70,teetotal.realty,available,99.8,456.98,medium,low,8,namecheap,,,11/09/2026 10:14
a43d433e-ebea-4353-aab9-01ea87831d0c,pig.realty,available,96.52,299.82,high,low,3,dynadot,,,29/09/2026 11:33
8686c6d9-2c5b-4f98-a792-041eb940c100,mucous.realty,available,99.8,456.98,medium,low,6,namecheap,,,03/09/2026 10:14
3269f5bf-2e23-4351-b6d6-e299c36769e1,thackeray.realty,available,109.99,299,medium,low,9,namesilo,,,29/09/2026 14:03
0143562f-bdfc-4663-9143-a37d75e485de,indisposed.realty,available,99.8,456.98,medium,low,10,namecheap,,,
616acbf4-830b-4eba-8c6d-7b84a5ad734f,johor.realty,available,93.2,288.88,medium,low,5,porkbun,,,02/10/2026 08:19
a5839b87-65e6-423c-a6fc-9138663f7ab3,viktor.realty,available,109.99,299,medium,low,6,namesilo,,,28/09/2026 07:43
2ded4fff-2152-4831-b3f7-7e9e530e480c,sonja.realty,available,109.99,299,medium,low,5,namesilo,,,01/10/2026 08:57
c37ca51b-2f4d-4ed6-b7a6-ddacfab7b9da,hellenic.realty,available,99.8,456.98,high,low,8,namecheap,,,20/08/2026 17:54
8c0b392a-ae73-4b6c-9100-ae1add76b537,slide.realty,available,280.2,280.2,high,low,5,cloudflare,,,30/09/2026 02:07
92a24c06-755f-4336-9a76-6381831108ca,shirts.realty,available,109.99,299,medium,low,6,namesilo,,,27/09/2026 11:13
e03eb37a-d6cb-416f-a6d0-53836cefeab9,displaying.realty,available,109.99,299,medium,low,10,namesilo,,,01/10/2026 16:09
4090449a-0315-4a42-ab56-bc5c9fc26e02,confederation.realty,available,109.99,299,medium,low,13,namesilo,,,01/10/2026 22:47
89741d4d-0819-435e-beef-40a3dd6dca46,spades.realty,available,88.18,289.16,high,low,6,spaceship,,,30/09/2026 14:16
44858701-69cc-4fa1-8bf0-2073b4c8b062,cadiz.realty,available,93.2,288.88,medium,low,5,porkbun,,,29/09/2026 06:11
11478c39-5c47-4bca-b968-e2a24a71ce02,domestic.realty,premium,910,1300,high,low,8,namecheap,,,19/09/2026 12:54
98c97030-9437-48e7-bcfb-017191a1ba5c,revisit.realty,available,88.18,289.16,high,low,7,spaceship,,,02/10/2026 17:16
8b06ede4-628b-4fc9-9ae8-ac300723e6b9,coax.realty,available,109.99,299,high,low,4,namesilo,,,24/09/2026 04:12
6dee09c1-c105-461f-a24b-5b22d5dd1415,choked.realty,available,99.8,456.98,medium,low,6,namecheap,,,12/08/2026 06:39
80afc4d5-fb4a-4755-88dc-a2b60096415d,christi.realty,available,99.8,456.98,medium,low,7,namecheap,,,25/09/2026 21:26
039c6e22-6f3a-45c0-9247-702ca82bf9b4,dishonored.realty,available,99.8,456.98,medium,low,10,namecheap,,,14/08/2026 10:23
efafbaf5-d905-4193-8b21-1866f149d232,garbled.realty,available,99.8,456.98,medium,low,7,namecheap,,,14/08/2026 11:20
ac6a43f6-2ecf-45d6-9246-8665d4a4c187,downloaded.realty,available,88.18,289.16,medium,low,10,spaceship,,,30/09/2026 23:49
36f7f685-12f9-472e-87a2-c82c18761857,damning.realty,available,179.99,349.99,medium,low,7,name.com,,,13/08/2026 16:33
cd1088d2-7735-46e4-9c38-8567902d8e1b,giovanni.realty,available,109.99,299,high,low,8,namesilo,,,25/09/2026 14:42
59dd78c8-c160-4ea9-97ba-67888c3f263e,executed.realty,available,99.8,456.98,high,low,8,namecheap,,,17/08/2026 16:55
7051f94c-5d17-4ce1-b24f-3f8fe46f4e78,arbiter.realty,available,109.99,299,high,low,7,namesilo,,,20/09/2026 00:41
15adeb2e-2a8f-4e3a-95b0-b7b03c4f748f,hardest.realty,available,88.18,289.16,low,low,7,spaceship,,,28/09/2026 12:52
1470ef2c-4003-4d09-8dab-892a433b4154,manifesto.realty,available,88.18,289.16,high,low,9,spaceship,,,30/09/2026 02:12
63cdb2ad-4549-4a38-8746-e92727b82fe6,definite.realty,available,109.99,299,high,low,8,namesilo,,,24/09/2026 05:06
048a676d-0035-4ec2-87cb-082159770ad9,ain.realty,available,99.8,456.98,high,low,3,namecheap,,,
40c7ce79-d44e-4f89-8ce4-d3e279ed08e4,mansard.realty,available,99.8,456.98,high,low,7,namecheap,,,24/08/2026 15:30
d3c9e4dd-d090-41f5-88e1-ed9879d11060,requires.realty,available,109.99,299,medium,low,8,namesilo,,,18/09/2026 15:31
b2cf4135-6ab4-4949-a649-2570fc578455,roast.realty,available,280.2,280.2,high,low,5,cloudflare,,,27/09/2026 15:46
9f86704b-f023-437a-928d-c0224ec4f379,gauges.realty,available,88.18,289.16,medium,low,6,spaceship,,,02/10/2026 23:19
b9702868-20da-4dd2-9df1-794b4c99ecb5,liaison.realty,available,109.99,299,high,low,7,namesilo,,,17/09/2026 14:03
afa1eaef-c12f-4b52-b873-50264834f245,refuse.realty,available,109.99,299,medium,low,6,namesilo,,,27/09/2026 02:42
0b9d2db2-07e4-456a-85ea-fe4d79cdf5c7,ladder.realty,available,109.99,299,high,low,6,namesilo,,,30/09/2026 01:55
50f16129-9557-4562-a5d1-7f8f938852cb,transfers.realty,available,109.99,299,high,low,9,namesilo,,,30/09/2026 00:41
d0050155-958f-4206-82d9-72f538717c89,hyoid.realty,available,99.8,456.98,medium,low,5,namecheap,,,21/08/2026 16:35
91e7fee7-a45e-46c5-887b-937b811c97dc,lun.realty,available,99.8,456.98,medium,low,3,namecheap,,,01/10/2026 23:06
43aada2c-07ab-448d-8916-b1b0b6d8ccc3,conyers.realty,available,93.2,288.88,high,low,7,porkbun,,,30/09/2026 14:02
7531278f-e172-47ee-ac40-d36ed9a9788d,sociable.realty,available,99.8,456.98,high,medium,8,namecheap,,,10/09/2026 13:08
eb4cd14a-b52d-4afe-b43d-322788e02cad,chases.realty,available,109.99,299,low,low,6,namesilo,,,02/10/2026 22:52
5e500a50-fcca-493d-8962-e79027fc5fc8,dewan.realty,available,96.52,299.82,high,low,5,dynadot,,,02/10/2026 18:49
5376c92b-a235-44da-bebf-aa6c7b449321,hons.realty,available,93.2,288.88,medium,low,4,porkbun,,,01/10/2026 15:47
6a1342eb-149d-4f97-bfbb-08916740edfa,ingrained.realty,available,99.8,456.98,medium,low,9,namecheap,,,13/08/2026 22:49
d994d163-2529-42d5-88a3-e68dfe524fb5,syllabled.realty,available,99.8,456.98,medium,low,9,namecheap,,,11/09/2026 06:00
690eb5cf-5476-49c8-9c82-11cb0ce6aa34,bayou.realty,available,99.8,456.98,high,low,5,namecheap,,,22/09/2026 18:09
b5bb8b09-b6e9-4c88-a977-38195a83b1bc,society.realty,available,109.99,299,high,low,7,namesilo,,,29/09/2026 01:43
d81c6625-4781-499b-b03d-60f2adaeae8e,fridge.realty,available,88.18,289.16,high,low,6,spaceship,,,29/09/2026 17:57
9a644941-47d2-4929-aff2-5b45b9164284,motivational.realty,available,96.52,299.82,high,low,12,dynadot,,,30/09/2026 12:17
5d12450d-bfb4-47d6-9383-5783bdccdabd,laurence.realty,available,88.18,289.16,high,low,8,spaceship,,,30/09/2026 06:35
c84008ad-cac0-4ce3-a659-de7e7cab5984,cauchy.realty,available,93.2,288.88,high,low,6,porkbun,,,30/09/2026 13:33
32535182-27a5-4878-8b98-99b073ffc1a4,department.realty,available,280.2,280.2,high,low,10,cloudflare,,,29/09/2026 14:02
da806c1e-9c99-40ec-8732-2a16a7a707d8,paine.realty,available,109.99,299,medium,low,5,namesilo,,,29/09/2026 13:38
c3b78afd-37fd-4968-aab1-d13f09eee8fc,unsheared.realty,available,99.8,456.98,low,low,9,namecheap,,,12/09/2026 19:44
24cbbaa9-89db-4ea3-bf75-66d6ac19fa34,completing.realty,available,109.99,299,high,low,10,namesilo,,,23/09/2026 17:20
68ba4c2a-e4d2-4728-aadf-a0b685bee235,monkish.realty,available,99.8,456.98,medium,low,7,namecheap,,,25/08/2026 04:53
a3db96fa-667f-411a-8096-341b6e6c1621,crushing.realty,available,99.8,456.98,high,low,8,namecheap,,,13/08/2026 09:13
a4b41639-d18f-4c36-aca1-92c7ab47719a,svetlana.realty,available,109.99,299,high,low,8,namesilo,,,02/10/2026 00:36
b8b38057-26fc-4f53-9a39-9069940fee08,meteor.realty,available,280.2,280.2,high,low,6,cloudflare,,,29/09/2026 01:39
92399087-218a-4ae9-8c18-0a9f75356807,unwise.realty,available,99.8,456.98,medium,low,6,namecheap,,,12/09/2026 22:42
4989b43e-1b3a-45cb-8b51-58528ee668c8,hirsute.realty,available,99.8,456.98,medium,low,7,namecheap,,,20/08/2026 22:11
8e955fa6-0e74-4e07-8cd7-66b39c00563f,fetched.realty,available,280.2,280.2,medium,low,7,cloudflare,,,02/10/2026 12:52
8b873d6d-94a4-4d61-830e-84aa8dac1d83,stylishly.realty,available,109.99,299,high,low,9,namesilo,,,16/09/2026 07:28
93ff0c32-1285-4b3f-ad68-9153026af1a0,framing.realty,available,96.52,299.82,high,low,7,dynadot,,,29/09/2026 01:00
0a425ddf-49ed-411c-bfe6-430038ead934,victims.realty,available,99.8,456.98,medium,low,7,namecheap,,,18/09/2026 21:07
dcffc0f5-54a0-4aee-8610-d3d008a9137d,javan.realty,available,99.8,456.98,high,low,5,namecheap,,,22/08/2026 12:30
a9473e60-4c0b-4e92-8287-a4e79cf051f4,warhol.realty,available,109.99,299,high,low,6,namesilo,,,19/09/2026 05:06
f8332e60-339a-4f58-9d79-7d188f7630a4,pettifog.realty,available,99.8,456.98,medium,low,8,namecheap,,,23/09/2026 13:20
30da1cbf-e417-4d82-9787-f75da5496b2f,acheson.realty,available,109.99,299,medium,low,7,namesilo,,,17/09/2026 00:31
d7829dd8-9988-493a-a2f7-37e725bd3b49,bribe.realty,available,109.99,299,medium,low,5,namesilo,,,28/09/2026 09:12
a3ecdb63-7f6f-43df-8294-e40fb20c86ff,uncured.realty,available,99.8,456.98,medium,low,7,namecheap,,,12/09/2026 06:39
6edb0b94-e162-49bb-9798-fd5d29a5bc39,horace.realty,available,88.18,289.16,high,low,6,spaceship,,,28/09/2026 02:07
70c0fe95-96d3-4f75-b238-4d95a3ea6c6e,para.realty,available,109.99,299,high,low,4,namesilo,,,23/09/2026 04:51
c31bb820-a70c-42a8-a8dd-e41a82d710da,primaries.realty,available,88.18,289.16,medium,low,9,spaceship,,,02/10/2026 12:50
f26dc2b4-e8cb-498f-9570-99e6e1203fe7,embryo.realty,available,109.99,299,high,low,6,namesilo,,,30/09/2026 16:45
a0d8ec84-32a4-459a-ab60-40dacfacc300,sava.realty,available,280.2,280.2,high,low,4,cloudflare,,,30/09/2026 05:14
d50d4b7b-8dd7-490c-9ae0-5697e62fe2dc,torn.realty,available,109.99,299,high,low,4,namesilo,,,25/09/2026 16:39
3281aebb-ba43-4a39-b200-69fb7ba22112,transmitters.realty,available,88.18,289.16,medium,low,12,spaceship,,,01/10/2026 18:01
fefaa2f4-4bc0-4d92-b4d7-ad02934ba68f,squeak.realty,available,109.99,299,high,low,6,namesilo,,,24/09/2026 15:54
c864a350-3922-42e1-b5c3-e5d52bd2289f,firearms.realty,available,88.18,289.16,medium,low,8,spaceship,,,28/09/2026 22:59
d83cab60-9c20-4327-a67b-8f579108144d,unoriginal.realty,available,99.8,456.98,medium,low,10,namecheap,,,12/09/2026 16:21
ee6500da-78f8-4ccd-969c-3d6794036bdf,lpga.realty,available,109.99,299,medium,low,4,namesilo,,,02/10/2026 19:41
c2e28aff-bb2b-4a44-912a-a2eb064e6f5b,betise.realty,available,109.99,299,medium,low,6,namesilo,,,23/09/2026 11:18
4d7e7b75-0bae-4062-9f4f-419d1508b2c6,template.realty,available,88.18,289.16,high,low,8,spaceship,,,30/09/2026 11:09
7309a917-8b5b-4719-8875-9c6924051f77,syrup.realty,available,88.18,289.16,high,low,5,spaceship,,,28/09/2026 06:44
b588ac68-264a-45c7-9f55-ba7de31b03fc,eternity.realty,available,109.99,299,high,low,8,namesilo,,,28/09/2026 01:51
15fd5038-541e-4292-ae1c-ec470d37ae63,keswick.realty,available,96.52,299.82,medium,low,7,dynadot,,,02/10/2026 20:36
8c1e5007-3d0b-4b29-b313-18e390aa2a1c,faulkner.realty,available,109.99,299,high,low,8,namesilo,,,02/10/2026 04:47
f73fd093-7d00-4d05-86c2-5648a2ea6e25,darling.realty,available,99.8,456.98,high,low,7,namecheap,,,09/08/2026 13:48
3f089b84-e655-441d-9a85-67648f43d135,salaried.realty,available,99.8,456.98,high,low,8,namecheap,,,12/08/2026 19:23
2e705371-3fff-406f-9d07-d80302676a6d,credibly.realty,available,99.8,456.98,medium,low,8,namecheap,,,14/09/2026 09:26
b6ae1f76-0833-4770-b4e0-1e170dfa71b9,barangay.realty,available,88.18,289.16,high,low,8,spaceship,,,02/10/2026 18:11
295c46c7-534e-4a31-8807-aff6d32af421,harrowing.realty,available,99.8,456.98,medium,low,9,namecheap,,,
c8ffb90a-79d6-4426-b8d8-5d901e8837df,vary.realty,available,109.99,299,high,low,4,namesilo,,,25/09/2026 21:59
f682b09f-1695-49ec-8ad9-11fe39bfd5c2,apogamy.realty,available,99.8,456.98,medium,low,7,namecheap,,,19/09/2026 18:27
1f5c9ae3-15d5-4dbd-ba6a-71f38a9d8d06,what.realty,available,93.2,288.88,high,medium,4,porkbun,,,30/09/2026 22:04
39f25fa7-47fd-430a-b3f2-12e9de072e98,uboat.realty,available,99.8,456.98,medium,low,6,namecheap,,,11/09/2026 00:23
194d75be-4d14-434f-8ffb-7585cf80bdcf,metallic.realty,available,99.8,456.98,high,low,8,namecheap,,,24/08/2026 21:34
47c7b35c-5c1b-4c07-b200-f1a839b710fa,involve.realty,available,88.18,289.16,high,low,7,spaceship,,,30/09/2026 05:28
e785f689-77ec-4fed-8ec5-8fe9557c352e,lieutenants.realty,available,88.18,289.16,low,low,11,spaceship,,,01/10/2026 17:56
f7b09ae8-184b-4fe6-8c48-233838cbc42e,beckwith.realty,available,88.18,289.16,medium,low,8,spaceship,,,30/09/2026 04:37
a27abfe3-4003-4475-af9d-8cf54fcc2586,partitioning.realty,available,109.99,299,high,low,12,namesilo,,,29/09/2026 09:00
fc8f87a8-dcfd-4d68-ba0f-4b58ba734438,lager.realty,available,99.8,456.98,high,low,5,namecheap,,,30/09/2026 01:47
dbed976f-2705-4504-9379-6c0b4fd307bd,inhabitants.realty,available,109.99,299,medium,low,11,namesilo,,,29/09/2026 23:30
8cc89a91-7ed6-43d8-b129-5f0407b23dce,auf.realty,available,280.2,280.2,high,low,3,cloudflare,,,30/09/2026 19:17
07941fb6-88f7-48a6-8702-f22e112d57de,vigilance.realty,available,99.8,456.98,high,low,9,namecheap,,,18/09/2026 05:28
0b04a0bd-6425-4284-bddd-243bbaad2fae,messy.realty,available,99.8,456.98,high,low,5,namecheap,,,25/09/2026 19:49
55e8a94b-328e-4911-8a5b-8912c19734c9,livelihood.realty,available,109.99,299,high,low,10,namesilo,,,29/09/2026 00:16
80ead434-8c11-47c2-b31c-4812505b0942,dropped.realty,available,99.8,456.98,medium,low,7,namecheap,,,25/09/2026 20:16
e37eb26d-686a-4eca-ba05-08107b8e8dad,socialist.realty,available,99.8,456.98,high,low,9,namecheap,,,10/09/2026 13:19
8431b8b9-392a-4ba1-ab2f-1cbbf776a7c5,brumal.realty,available,99.8,456.98,medium,low,6,namecheap,,,11/08/2026 06:36
35684f5f-edd4-4866-91e8-7ae76d58dcbb,imuran.realty,available,99.8,456.98,medium,low,6,namecheap,,,21/09/2026 11:01
84e621f8-cb15-4f74-a88d-7498fc19f50c,deprived.realty,available,99.8,456.98,medium,low,8,namecheap,,,14/08/2026 02:45
49c05d7e-7606-4c0a-a682-6b9f520f9758,dnc.realty,available,99.8,456.98,high,low,3,namecheap,,,02/10/2026 17:47
cb06c7f1-3f3a-4c81-ae17-c0cc870a50cc,rectum.realty,available,88.18,289.16,high,low,6,spaceship,,,02/10/2026 16:33
eaa96e45-a4fb-4ce8-9903-05aa67232f82,agouti.realty,available,99.8,456.98,medium,low,6,namecheap,,,17/09/2026 19:07
286a3ea6-6d3a-4ae9-a33b-2c2cd2bb4a3c,unbiased.realty,available,99.8,456.98,high,low,8,namecheap,,,12/09/2026 01:52
1273abeb-303a-4da4-aaf3-55dedcbe89d5,nevermore.realty,available,99.8,456.98,medium,low,9,namecheap,,,15/09/2026 16:30
91ea9896-6944-4948-8e92-7e77409f80e6,raine.realty,available,88.18,289.16,high,low,5,spaceship,,,02/10/2026 19:55
4b3d537c-5894-4fb9-a5d9-0d0123b1b304,sonic.realty,available,99.8,456.98,high,low,5,namecheap,,,10/09/2026 14:09
422e9b79-c0bd-4ef0-abfe-e4f518c5f8c9,aquifer.realty,available,99.8,456.98,medium,low,7,namecheap,,,19/09/2026 23:11
147f3fca-32ef-410e-8277-36766f0e03db,reprint.realty,available,99.8,456.98,high,low,7,namecheap,,,10/09/2026 04:03
70a6d623-663d-408b-b9dc-980cfd043106,validity.realty,available,280.2,280.2,high,low,8,cloudflare,,,30/09/2026 17:33
ea56b000-b513-403e-a86b-80d6986f032e,megalithic.realty,available,99.8,456.98,medium,low,10,namecheap,,,24/08/2026 19:24
0415365b-657b-4129-9bd0-7172bbe60865,illyrian.realty,available,88.18,289.16,medium,low,8,spaceship,,,02/10/2026 05:23
8bca7f4c-2a23-4c8a-95a2-12c9fe7a7ccf,gently.realty,available,109.99,299,high,low,6,namesilo,,,28/09/2026 14:58
06454747-ee25-45db-898e-5369a7a5d03c,diagnose.realty,available,96.52,299.82,high,low,8,dynadot,,,30/09/2026 19:11
5dcdd284-6d25-4383-940d-3e1b6c19cc84,charm.realty,available,99.8,456.98,high,low,5,namecheap,,,19/09/2026 20:23
aeb90c73-2039-4e8c-8cdb-b76978633111,yankton.realty,available,88.18,289.16,high,low,7,spaceship,,,02/10/2026 20:31
2961df9d-1c23-4188-8293-f30663d54450,sulfuric.realty,available,99.8,456.98,medium,low,8,namecheap,,,11/09/2026 01:29
c24862b4-52af-4caf-b488-4a1afb9b25ea,genocide.realty,available,99.8,456.98,high,low,8,namecheap,,,30/09/2026 01:43
d1aa544a-97a0-4579-9abd-b406c61f11b7,bearer.realty,available,99.8,456.98,high,low,6,namecheap,,,22/09/2026 21:14
ef0aacde-5fc6-43f8-90bc-fb4bf81623de,jayne.realty,available,109.99,299,high,low,5,namesilo,,,29/09/2026 22:03
8b6070ed-0255-4e68-b422-9e6a4c7f9950,ringway.realty,available,109.99,299,medium,low,7,namesilo,,,23/09/2026 07:12
142cacbd-9caf-4095-bd4e-88b411ef79b2,overtake.realty,available,96.52,299.82,high,low,8,dynadot,,,01/10/2026 21:12
31d79f75-4030-4053-8d76-1eb3e508810c,usd.realty,available,109.99,299,high,low,3,namesilo,,,28/09/2026 03:31
31bd174b-af07-4d3f-8f47-037c9ca1a899,bearded.realty,available,99.8,456.98,high,low,7,namecheap,,,08/08/2026 16:05
17c2ed62-b548-4777-9fdb-0ba8c9d4ef1b,freezes.realty,available,88.18,289.16,medium,low,7,spaceship,,,02/10/2026 12:39
59c05f9d-883e-49f6-bf44-4520b80e36f3,moneron.realty,available,99.8,456.98,medium,low,7,namecheap,,,25/08/2026 04:30
46f90983-d311-4c0c-ae27-c9b79fd5435a,plug.realty,available,99.8,456.98,high,low,4,namecheap,,,29/09/2026 00:52
e95554bf-398c-45e5-97c4-bb8b5919a7c3,analysis.realty,available,93.2,288.88,high,low,8,porkbun,,,02/10/2026 08:20
4a1e3cd0-5d38-4f2c-a4f6-9b835e9146ea,reefs.realty,available,88.18,289.16,medium,low,5,spaceship,,,02/10/2026 02:37
74f0d747-6e04-4f10-b696-2a67af609e57,daytona.realty,premium,3450,3450,high,low,7,namesilo,,,28/09/2026 04:21
af5e8058-5cad-4ed2-91ec-ef31f1b69741,artistic.realty,available,88.18,289.16,high,low,8,spaceship,,,02/10/2026 17:15
9b70f709-002f-45f8-8b18-2e3fb4b6795e,lutzen.realty,available,99.8,456.98,medium,low,6,namecheap,,,22/09/2026 15:24
3d846038-9b88-408a-8bde-e559fe3352ff,oily.realty,available,99.8,456.98,medium,low,4,namecheap,,,11/08/2026 11:42
7a40164d-09db-4a52-917a-ccd533b4ca8a,biracial.realty,available,99.8,456.98,high,low,8,namecheap,,,10/08/2026 05:42
c9474900-2947-47d6-931f-6aad2df527c4,winey.realty,available,99.8,456.98,medium,low,5,namecheap,,,13/09/2026 12:27
9edd8937-370e-4d92-8cfe-e79458d18e76,dine.realty,available,99.8,456.98,high,low,4,namecheap,,,29/09/2026 14:13
09fd075f-26b6-48f5-b9f5-893507cb7d53,geoffrey.realty,available,109.99,299,medium,low,8,namesilo,,,25/09/2026 13:35
d454e5b5-04c0-455d-9d47-42418dd034c1,recorder.realty,available,109.99,299,high,low,8,namesilo,,,28/09/2026 09:46
d8686524-624f-47b2-a3a6-33e980156e27,mercurial.realty,available,99.8,456.98,high,low,9,namecheap,,,17/08/2026 12:50
9479335e-9a2b-4150-8a29-faf0f2adcdd7,hardware.realty,available,93.2,288.88,high,low,8,porkbun,,,01/10/2026 17:02
2b6a2452-1fe5-4a97-a127-e06b25dfc50d,fingerless.realty,available,99.8,456.98,medium,low,10,namecheap,,,18/08/2026 04:55
e8f98fd1-113a-4d2a-a41b-e107dae86082,tecumseh.realty,available,280.2,280.2,medium,low,8,cloudflare,,,29/09/2026 08:12
468918d0-b35a-4023-ba95-cccbdfb45801,wor.realty,available,88.18,289.16,low,low,3,spaceship,,,02/10/2026 03:07
64c47ae2-7518-49e9-97c9-fe1e56a0b0bd,fascism.realty,available,88.18,289.16,medium,low,7,spaceship,,,30/09/2026 01:35
eda367eb-2132-4b0d-b6c7-2ddb157c60cc,twenties.realty,available,99.8,456.98,high,low,8,namecheap,,,16/09/2026 12:09
89b738b2-a66f-436b-9cbb-df7839e338c8,shirley.realty,available,109.99,299,high,low,7,namesilo,,,25/09/2026 13:56
66f60fca-dcb1-46ac-a233-acf952322a92,walton.realty,available,109.99,299,high,low,6,namesilo,,,25/09/2026 05:07
9b9adddf-bc00-4045-a288-e13e4f43d752,anything.realty,available,99.8,456.98,high,low,8,namecheap,,,01/10/2026 00:40
3eb235ab-95c3-4708-bda2-02cf29e5243f,anorak.realty,available,109.99,299,medium,low,6,namesilo,,,19/09/2026 11:41
c190f853-762c-459e-9fe4-11d394980cca,himmler.realty,available,109.99,299,medium,low,7,namesilo,,,29/09/2026 13:01
8426f30e-d9e6-4f05-aed2-ea77d78a8104,fly.realty,available,99.8,456.98,high,medium,3,namecheap,,,24/09/2026 20:39
3a621aa0-0545-4779-bed6-77031c674ea3,anopheles.realty,available,109.99,299,medium,low,9,namesilo,,,19/09/2026 11:39
956cae9e-3c71-432b-b577-47704949563e,baking.realty,available,109.99,299,high,low,6,namesilo,,,22/09/2026 16:25
c3ed698a-bee8-4b37-8f62-a751180b3b8f,mariners.realty,available,109.99,299,high,medium,8,namesilo,,,02/10/2026 03:36
ec66e6b1-d4c1-4441-9109-d7f440b1dbb6,moore.realty,available,88.18,289.16,high,low,5,spaceship,,,27/09/2026 13:11
1504d952-65a7-4a3f-8c63-ad52a0bcada6,outsider.realty,available,88.18,289.16,high,low,8,spaceship,,,28/09/2026 15:01
bdd6ccc1-2916-401c-950e-cc42d4a2989a,continued.realty,available,109.99,299,high,low,9,namesilo,,,23/09/2026 22:14
b1391b1f-27a8-4290-81c7-83627d6f75d1,crusader.realty,available,99.8,456.98,high,medium,8,namecheap,,,09/09/2026 12:45
a09e32d4-b182-4c14-99a0-41204cb0126d,operant.realty,available,99.8,456.98,high,low,7,namecheap,,,04/09/2026 16:22
2b4484bc-c168-448b-9b5e-c76a9fcf1b26,remission.realty,available,280.2,280.2,high,low,9,cloudflare,,,01/10/2026 03:27
48b5d967-9c90-4c0c-9189-8c0519896931,ats.realty,available,109.99,299,high,low,3,namesilo,,,29/09/2026 22:45
c4084a8a-b6e8-4ec4-af03-fc989bfb5745,guildford.realty,available,99.8,456.98,medium,low,9,namecheap,,,29/09/2026 15:26
e89ebdca-4af1-4df3-9e7c-eb6a2f9eddf7,aussie.realty,available,109.99,299,high,low,6,namesilo,,,22/09/2026 13:32
8f229cde-8397-459c-9f12-78169f58e9f4,simons.realty,available,280.2,280.2,high,low,6,cloudflare,,,27/09/2026 20:33
7475da60-9c3b-4940-bd1a-b220f5e10f1a,sparkly.realty,available,99.8,456.98,high,low,7,namecheap,,,
6f31dc38-6a3c-4da0-9584-7db11e8b968d,dusty.realty,available,99.8,456.98,high,low,5,namecheap,,,14/08/2026 21:35
258f3a71-d653-4c9a-ae55-711094df0f00,mothers.realty,available,109.99,299,high,low,7,namesilo,,,18/09/2026 06:34
772f7d4e-b4f4-451d-8416-a28b4e1b517e,inscribed.realty,available,99.8,456.98,medium,low,9,namecheap,,,17/08/2026 08:24
079ceab8-442d-4744-bbe7-9ad43e32e9c4,brookline.realty,available,99.8,456.98,high,low,9,namecheap,,,29/09/2026 10:05
59b96a87-9b44-4814-8787-d7f6531ef8b8,though.realty,available,99.8,456.98,medium,low,6,namecheap,,,16/09/2026 08:58
938bed36-fb68-4188-b957-f2a45dcf32bb,homologous.realty,available,99.8,456.98,medium,low,10,namecheap,,,21/08/2026 12:58
fcc1b996-b93c-4030-8f18-1e8213cbbb06,relatives.realty,available,109.99,299,medium,low,9,namesilo,,,27/09/2026 10:25
29455195-7d81-4c4a-847e-3df1dc4ebc6a,unopened.realty,available,99.8,456.98,medium,low,8,namecheap,,,12/09/2026 16:14
49e1802a-5d2c-402a-aa5a-402604c629e2,broccoli.realty,available,280.2,280.2,high,low,8,cloudflare,,,29/09/2026 04:00
a480d83f-b442-44ad-ac80-c564fb98c959,carlton.realty,available,109.99,299,high,low,7,namesilo,,,25/09/2026 15:21
0ba1d7a4-53cf-48b5-af1b-9b553a0fb833,mutant.realty,available,99.8,456.98,high,low,6,namecheap,,,03/09/2026 11:39
72b05245-9e9c-400c-af4d-3fe777b83fc1,nanda.realty,available,109.99,299,medium,low,5,namesilo,,,30/09/2026 22:08
b457be8a-0ff1-4e3b-8bf3-caffd9686e1d,nobel.realty,available,109.99,299,high,low,5,namesilo,,,18/09/2026 06:24
16fb02e7-a5c5-49a4-834f-998ddbd989fd,nabokov.realty,available,280.2,280.2,medium,low,7,cloudflare,,,01/10/2026 21:08
9802b670-f422-468c-beab-42c6049255f9,polk.realty,available,88.18,289.16,high,low,4,spaceship,,,29/09/2026 07:22
7d8b1685-5ced-47ca-93e6-c384e362252a,stannic.realty,available,99.8,456.98,low,low,7,namecheap,,,10/09/2026 18:41
5be7bed0-b135-4799-a092-e61e890ad80e,causes.realty,available,109.99,299,medium,low,6,namesilo,,,27/09/2026 09:34
303f0e13-a204-4928-9987-da009c20c28c,doherty.realty,available,109.99,299,medium,low,7,namesilo,,,28/09/2026 04:19
ac5501bd-9001-4b13-bdbc-cadb3d7d988b,luzon.realty,available,280.2,280.2,high,low,5,cloudflare,,,27/09/2026 14:53
a8eac7f0-1e40-419c-bc4e-08ec6d8a66e8,defenses.realty,available,96.52,299.82,low,low,8,dynadot,,,29/09/2026 10:39
2df2abe0-f19f-400d-9901-12dc46f684f7,overhand.realty,available,99.8,456.98,high,low,8,namecheap,,,04/09/2026 20:09
d74a65a9-01d2-4491-9cf6-5ffc3de3e2ab,turbid.realty,available,99.8,456.98,medium,low,6,namecheap,,,25/08/2026 01:10
fd27e160-056a-4399-b073-a74b0dad09e7,renewing.realty,available,99.8,456.98,high,low,8,namecheap,,,09/09/2026 14:06
c1318ee2-27fe-4b71-96db-6b54ab73bc05,parisian.realty,available,99.8,456.98,high,low,8,namecheap,,,08/09/2026 01:34
4e92981d-f85c-4fe7-be84-36f79bdd8849,ware.realty,available,99.8,456.98,high,low,4,namecheap,,,29/09/2026 19:40
7cf425e2-803f-4e9f-94e4-e46a8344b0c9,carven.realty,available,99.8,456.98,medium,low,6,namecheap,,,11/08/2026 19:59
2aec905a-30ac-4d4f-9a5f-28650b1d8907,tacitus.realty,available,109.99,299,high,low,7,namesilo,,,29/09/2026 07:01
ac54ba16-c5a4-48b3-8241-673ada10b7a8,mtv.realty,available,109.99,299,high,low,3,namesilo,,,28/09/2026 03:45
ff5703d8-96bb-489a-b754-a1f59cebcf01,assault.realty,available,109.99,299,medium,low,7,namesilo,,,20/09/2026 15:48
1d204293-33dd-4485-afad-2e71fa9dbeec,dot.realty,available,99.8,456.98,high,medium,3,namecheap,,,19/09/2026 16:13
a3f6bb04-53ef-4053-b375-c17cafb27600,sme.realty,available,109.99,299,high,low,3,namesilo,,,01/10/2026 22:35
fbb34eca-bb41-4a85-8777-738522bcf773,carnage.realty,available,88.18,289.16,medium,low,7,spaceship,,,02/10/2026 04:17
f57af68f-33a9-4ebc-9234-17de7844be9c,defence.realty,available,109.99,299,high,low,7,namesilo,,,29/09/2026 13:32
f958c4be-b465-4273-85dc-fba45c55873b,jockstrap.realty,available,99.8,456.98,medium,low,9,namecheap,,,20/09/2026 21:10
584f0e09-1b72-4482-83f7-496c2b5b480b,buggery.realty,available,109.99,299,medium,low,7,namesilo,,,19/09/2026 01:35
5c06ed52-1ab5-4326-8180-5d978bea5085,phipps.realty,available,99.8,456.98,medium,low,6,namecheap,,,29/09/2026 04:24
a556b700-8d90-49a2-bc62-db359436dfda,defy.realty,available,88.18,289.16,high,low,4,spaceship,,,29/09/2026 20:41
d875c75d-a217-411b-8575-b1fc1fb10014,perplexed.realty,available,99.8,456.98,medium,low,9,namecheap,,,08/09/2026 17:56
da61d963-d7ca-4baa-afd8-84c0a49beedb,tussle.realty,available,99.8,456.98,high,medium,6,namecheap,,,09/09/2026 18:55
de6a9d52-8661-4eca-8f95-581ab459d9bc,alzheimer.realty,available,109.99,299,medium,low,9,namesilo,,,03/10/2026 03:52
c9136b1c-34d0-45d4-8284-0ce34d719da9,alves.realty,available,109.99,299,medium,low,5,namesilo,,,30/09/2026 12:39
75c7587f-7b05-40dd-9862-44569e403204,stature.realty,available,280.2,280.2,high,low,7,cloudflare,,,29/09/2026 08:08
ce615757-1d22-4e7c-bf64-dfef0a4bf653,ige.realty,available,88.18,289.16,medium,low,3,spaceship,,,01/10/2026 02:40
d9611bc7-2d01-4dc2-b291-9d074b67645d,moat.realty,available,99.8,456.98,high,low,4,namecheap,,,02/10/2026 04:56
47a0d7c0-f938-48a5-b0e0-6ac7e8ec572a,luna.realty,available,109.99,299,high,medium,4,namesilo,,,30/09/2026 10:30
9946797f-ed6b-4312-bc74-76947b2c9711,basin.realty,available,109.99,299,high,low,5,namesilo,,,22/09/2026 10:56
131a1beb-3f96-42a5-b603-4a3637039d09,advocate.realty,available,88.18,289.16,high,low,8,spaceship,,,28/09/2026 19:06
48699f04-3bd7-4670-906d-e1bce68602e8,hines.realty,available,109.99,299,high,low,5,namesilo,,,27/09/2026 07:58
6381065d-054a-41f0-a9b0-cca406b43a3b,ought.realty,available,109.99,299,high,low,5,namesilo,,,01/10/2026 04:34
aa2ec1a4-d90f-4cd7-a3f7-1f780de1caca,consistently.realty,available,280.2,280.2,high,low,12,cloudflare,,,01/10/2026 05:37
ab0a3c4e-d74f-4a58-8655-3b8654772f85,invite.realty,available,280.2,280.2,high,low,6,cloudflare,,,30/09/2026 00:22
b35992ab-0844-4d96-9289-69db5496bda3,prosser.realty,available,99.8,456.98,high,low,7,namecheap,,,30/09/2026 12:49
c9967b39-e987-42cb-ae56-d9319e31a751,mfr.realty,available,88.18,289.16,high,low,3,spaceship,,,01/10/2026 07:03
e587b026-6df8-459c-b94f-602a680c28f3,rave.realty,available,280.2,280.2,high,low,4,cloudflare,,,29/09/2026 13:10
f5756c2f-7aa6-4d8c-9a2c-538ee6355d9e,mec.realty,available,88.18,289.16,high,low,3,spaceship,,,01/10/2026 07:00
c73b2ab8-c1f6-4d7f-8d8c-27843261caee,examination.realty,available,96.52,299.82,high,low,11,dynadot,,,27/09/2026 21:26
c1591e1d-c476-4b9a-a06e-cba34b78cc15,penetration.realty,available,99.8,456.98,medium,low,11,namecheap,,,08/09/2026 15:09
13bcffa6-f119-4593-907f-c80f526d6b13,stupefied.realty,available,179.99,349.99,medium,low,9,name.com,,,13/08/2026 18:55
1c314d07-90f4-45c6-8ef3-33bd087c5bab,tapering.realty,available,99.8,456.98,medium,low,8,namecheap,,,14/08/2026 21:50
20843523-e20d-4cb7-9c8f-087b3f1be9c3,bonzer.realty,available,99.8,456.98,medium,low,6,namecheap,,,10/08/2026 19:02
24c05307-b2e9-45e1-9619-df5c9a3bff1a,photographers.realty,available,99.8,456.98,medium,low,13,namecheap,,,19/09/2026 22:58
d1665a99-5179-4cbc-86e4-80ac0bfac43d,aircrew.realty,available,109.99,299,high,low,7,namesilo,,,17/09/2026 22:11
7bc5932c-f82d-442e-8208-dbb6824f3786,select.realty,premium,2187.5,3125,high,medium,6,name.com,,,22/09/2026 23:07
5870656b-9ea9-46a3-9d21-a516f4e2c712,kicking.realty,available,109.99,299,high,low,7,namesilo,,,30/09/2026 01:20
fa09e30d-404f-4b5e-bc75-1583206c3686,baroda.realty,available,96.52,299.82,medium,low,6,dynadot,,,02/10/2026 20:30
47708b07-7dd0-453b-8d40-e650751385a6,unfettered.realty,available,99.8,456.98,medium,low,10,namecheap,,,12/09/2026 04:56
db82cc15-7857-460a-a69d-0ac24b783458,varanasi.realty,available,88.18,289.16,medium,low,8,spaceship,,,02/10/2026 09:36
d848e75e-c77a-4b5d-a5c0-ce8277a5b3f4,anser.realty,available,109.99,299,medium,low,5,namesilo,,,19/09/2026 12:03
0d118d8b-5472-4edc-a220-40a69d3f9933,bends.realty,available,109.99,299,high,low,5,namesilo,,,23/09/2026 07:50
e1eb9510-9de9-4f1a-9d10-6d59396c5694,avalon.realty,available,99.8,456.98,high,medium,6,namecheap,,,30/09/2026 05:08
ee02ef6e-44af-4b31-831b-daf78b74a4c7,alluring.realty,available,99.8,456.98,high,low,8,namecheap,,,22/09/2026 01:34
7bdffcd9-3fbb-4ef0-9dbc-478fc38f8727,alluvial.realty,available,99.8,456.98,high,low,8,namecheap,,,
d4619f28-f52a-4447-b940-ebdeb2758e4e,accompanied.realty,available,88.18,289.16,medium,low,11,spaceship,,,29/09/2026 10:27
f81c49a0-da49-4fa0-b184-c5a18d571382,roommate.realty,available,99.8,456.98,high,medium,8,namecheap,,,09/09/2026 18:34
5988a269-cd81-435c-a3f8-a5159a67a795,yacht.realty,available,109.99,299,high,low,5,namesilo,,,28/09/2026 02:59
20afa07e-5e57-48bd-a4a1-4af92ba94cc1,trans.realty,available,88.18,289.16,high,low,5,spaceship,,,30/09/2026 03:32
5441d868-7461-48e5-95f8-2bfb18d7f211,caucasian.realty,available,99.8,456.98,high,low,9,namecheap,,,11/08/2026 22:16
99f0b38e-2876-4514-ba36-c6dace37db85,expressing.realty,available,99.8,456.98,medium,low,10,namecheap,,,29/09/2026 05:05
6613c504-80e7-4150-adfb-c4a8a465554a,exchanges.realty,available,88.18,289.16,medium,low,9,spaceship,,,29/09/2026 08:56
13e5f913-512b-4edc-8ff7-dcb6534bf917,repository.realty,available,109.99,299,high,low,10,namesilo,,,24/09/2026 21:59
b8efb339-f390-4704-9593-09717038af90,stalks.realty,available,280.2,280.2,low,low,6,cloudflare,,,01/10/2026 15:27
7bcee559-5c98-4f92-85eb-55f921257e78,serious.realty,available,99.8,456.98,high,low,7,namecheap,,,24/09/2026 23:04
17fbf9f7-1b41-4e96-a415-e6cf3e79403d,blattodea.realty,available,109.99,299,medium,low,9,namesilo,,,24/09/2026 04:54
d7cbd066-1717-4131-9778-79c6f9c75bac,utile.realty,available,99.8,456.98,medium,low,5,namecheap,,,13/09/2026 00:01
be77c78f-6f61-413f-975b-5735c2d3cde4,beaker.realty,available,109.99,299,high,low,6,namesilo,,,22/09/2026 19:45
c5d5055e-6464-410e-a0f2-89cf261d4434,apneic.realty,available,99.8,456.98,medium,low,6,namecheap,,,06/08/2026 00:40
f70c8e81-a4a3-495b-8749-fb56765c28b6,vagrant.realty,available,99.8,456.98,high,low,7,namecheap,,,14/08/2026 19:18
d136915c-fc43-4bf2-bb11-c4a0678f6ffe,bethlehem.realty,premium,910,1300,high,low,9,namecheap,,,22/09/2026 18:15
a36b3cb4-5b1b-4f4d-a92e-8d8dbc69843c,banditry.realty,available,109.99,299,medium,low,8,namesilo,,,22/09/2026 01:24
4998c82e-a3ed-4e43-9bf9-daa0411d4c1f,benefits.realty,available,88.18,289.16,high,low,8,spaceship,,,27/09/2026 23:08
de66c91a-a0b2-4707-81dc-a515b2250ce6,capacity.realty,available,99.8,456.98,high,low,8,namecheap,,,24/09/2026 12:12
a1d8f346-f4e8-4512-b7ac-1c7ad551fc39,speedy.realty,available,99.8,456.98,high,low,6,namecheap,,,09/09/2026 08:40
38967f7c-8b10-493f-a9dd-aeed7d5c6099,self.realty,available,109.99,299,high,medium,4,namesilo,,,19/09/2026 02:59
04150fbe-954a-4534-91bf-3d89252693b7,physiology.realty,available,88.18,289.16,high,low,10,spaceship,,,29/09/2026 19:59
65a34270-52b3-4e5f-8573-e99289a80df8,bigger.realty,available,109.99,299,high,low,6,namesilo,,,29/09/2026 20:37
cab4bc84-1f62-4369-978c-db716795c250,detectable.realty,available,99.8,456.98,high,low,10,namecheap,,,14/08/2026 04:42
a2be72dc-bf7c-4822-b397-1ce45e1002ab,prater.realty,available,109.99,299,medium,low,6,namesilo,,,21/09/2026 12:26
46a21080-a293-4ffe-bb99-03873925b284,perot.realty,available,99.8,456.98,medium,low,5,namecheap,,,01/10/2026 15:27
5003038e-9f2a-4213-8d72-1a14e94efe69,acrylic.realty,available,109.99,299,high,low,7,namesilo,,,17/09/2026 04:05
2914b07c-b2eb-468e-ac18-5d579706850e,irenic.realty,available,99.8,456.98,high,low,6,namecheap,,,22/08/2026 09:48
acaf3bd4-dfae-46d8-9b2d-13c8eb56807c,reincarnation.realty,available,109.99,299,high,low,13,namesilo,,,30/09/2026 23:11
552aecd4-4ce1-47e7-b864-cf14d796ef22,dozen.realty,available,109.99,299,high,low,5,namesilo,,,21/09/2026 11:29
bc2dfc50-f48e-4da3-b713-52c5c15c7741,zeke.realty,available,280.2,280.2,medium,low,4,cloudflare,,,01/10/2026 08:02
f6e0d6a7-7ed9-46e9-8421-35a71db2546a,caretaker.realty,available,88.18,289.16,high,low,9,spaceship,,,28/09/2026 13:39
e0f523cd-429c-47d2-aa38-ccf88564d38e,irate.realty,available,99.8,456.98,medium,low,5,namecheap,,,22/08/2026 09:44
6ccbe4e0-a296-44cc-82e8-244bbe839107,ataturk.realty,available,109.99,299,high,low,7,namesilo,,,20/09/2026 19:44
f51128e4-76c5-4d41-9b4d-ff6088ec4efd,minimize.realty,available,88.18,289.16,high,low,8,spaceship,,,29/09/2026 20:40
d596afc7-5e7b-45f9-9170-9a341e5ae2ab,casper.realty,available,93.2,288.88,high,low,6,porkbun,,,29/09/2026 18:15
b17bb043-d2f8-4005-9144-2d95abdf0e16,criticism.realty,available,109.99,299,high,low,9,namesilo,,,29/09/2026 12:07
a65798ae-87ce-400d-82dd-417aaecf6979,parliamentary.realty,available,109.99,299,medium,low,13,namesilo,,,01/10/2026 06:10
40efc06c-59e9-4bf8-9c47-899532077065,lupus.realty,available,280.2,280.2,medium,low,5,cloudflare,,,02/10/2026 05:40
a0621dbe-cec8-4ef2-a462-3310a7fc02f3,androgyny.realty,available,109.99,299,medium,low,9,namesilo,,,19/09/2026 04:54
ca5a854b-64ae-4819-9ade-001b252b2272,puzzles.realty,available,179.99,349.99,medium,low,7,name.com,,,18/09/2026 10:35
09ec3bc1-a1ac-49f6-bb39-38de0bb7f232,her.realty,available,88.18,289.16,high,low,3,spaceship,,,30/09/2026 22:04
50108c69-4f00-4bae-8078-ba530f8db3ba,coding.realty,available,88.18,289.16,high,low,6,spaceship,,,01/10/2026 03:35
de95dd9c-3472-4ddf-a846-c1a8290a5f42,akita.realty,available,88.18,289.16,high,low,5,spaceship,,,02/10/2026 18:45
287e314a-888a-4a97-8cac-c3e63872e9cc,pals.realty,available,109.99,299,high,low,4,namesilo,,,20/09/2026 10:42
6143143e-e5f8-4715-9180-805ecade2b1e,prow.realty,available,99.8,456.98,medium,low,4,namecheap,,,18/08/2026 11:28
562488e1-90d1-4ace-b6db-9dc70dcc565a,meantime.realty,available,109.99,299,high,low,8,namesilo,,,25/09/2026 10:12
aa896fe6-2357-48b7-8049-721967b34461,citation.realty,available,88.18,289.16,high,low,8,spaceship,,,29/09/2026 18:20
13a605e2-a54a-4032-a814-ebb7d28184ff,province.realty,premium,1107,1107,high,low,8,namesilo,,,30/09/2026 08:47
bd1cf46c-8982-4459-9c5e-8c040465f528,sonny.realty,available,88.18,289.16,high,low,5,spaceship,,,30/09/2026 17:50
90d9026b-4fc9-49fa-850c-1e020d45921c,translocation.realty,available,109.99,299,medium,low,13,namesilo,,,02/10/2026 11:29
a04f07d8-a480-4b09-a93b-674a754ca028,voiceless.realty,available,99.8,456.98,medium,low,9,namecheap,,,05/08/2026 23:23
e37741ae-251b-4f7b-8426-935e2bb53b6f,boxing.realty,available,109.99,299,high,low,6,namesilo,,,29/09/2026 03:51
db791095-c820-474b-9374-7e9f85960431,complaints.realty,available,109.99,299,medium,low,10,namesilo,,,18/09/2026 03:41
740282cd-7190-47e7-8c99-df3e2398e087,panty.realty,available,99.8,456.98,high,low,5,namecheap,,,09/09/2026 22:42
ae3a3b46-01c1-49ad-b604-9d2fff992744,egoistic.realty,available,99.8,456.98,medium,low,8,namecheap,,,15/08/2026 18:54
ec98ac3c-2414-45ac-a960-6db520079fc7,battledore.realty,available,109.99,299,medium,low,10,namesilo,,,21/09/2026 17:16
2eddcf09-11b1-4504-aaeb-61af979cb613,durable.realty,available,109.99,299,high,low,7,namesilo,,,24/09/2026 12:29
7351da70-2f6b-4646-9e9d-64a7942e482a,sopranino.realty,available,99.8,456.98,medium,low,9,namecheap,,,10/09/2026 14:22
ed8c3280-f987-47c7-b8f0-6b5d5cfa0bc9,releasing.realty,available,99.8,456.98,high,low,9,namecheap,,,09/09/2026 13:32
b6bd36d4-f18e-4499-893b-6217eddcfee9,stuart.realty,available,99.8,456.98,high,low,6,namecheap,,,25/09/2026 22:59
ae4b3340-ad43-4407-bb85-60802a72dcf2,pictured.realty,available,99.8,456.98,medium,low,8,namecheap,,,14/08/2026 02:14
56494aa7-5e12-4538-be19-9b75c598416b,dormie.realty,available,99.8,456.98,medium,low,6,namecheap,,,14/08/2026 16:21
682b37ea-8193-460b-9242-79e76122786b,swab.realty,available,99.8,456.98,medium,low,4,namecheap,,,03/10/2026 00:23
7a6bcb58-58bf-4b13-ba84-211bc77b4b0a,dished.realty,available,99.8,456.98,medium,low,6,namecheap,,,14/08/2026 10:52
76cddb83-5ff9-4e95-b4d6-7d68a79c2300,scooped.realty,available,99.8,456.98,medium,low,7,namecheap,,,17/09/2026 23:31
009e10e4-3762-4349-8871-d51457a6e915,igg.realty,available,96.52,299.82,high,low,3,dynadot,,,30/09/2026 01:57
0ef0ab7c-09f1-4d87-aab3-d3c59425a97c,spears.realty,available,109.99,299,medium,low,6,namesilo,,,29/09/2026 05:36
6ba6ac14-9cff-4847-9867-7166112df20c,granville.realty,available,109.99,299,medium,low,9,namesilo,,,27/09/2026 01:40
14e818c4-fe00-4a1e-bbd1-9bb73e13c480,stork.realty,available,88.18,289.16,high,low,5,spaceship,,,01/10/2026 21:53
e916acc9-c4e1-4521-9c07-59e3b1026a26,silly.realty,available,109.99,299,high,low,5,namesilo,,,21/09/2026 23:43
9e7551ff-5d79-4547-a61e-6e83ad5c986b,reputed.realty,available,99.8,456.98,high,low,7,namecheap,,,01/10/2026 06:05
585b0a53-e4cf-4b00-a2c2-d80a5aae48c5,indonesian.realty,available,99.8,456.98,high,low,10,namecheap,,,22/08/2026 03:20
22f1f1e3-93b2-4c58-a5dc-91a783094073,scrap.realty,available,99.8,456.98,high,low,5,namecheap,,,18/08/2026 03:49
b51030ab-1cfa-469b-b3a1-979ea6e6c9ba,developer.realty,premium,2275,3250,high,medium,9,namecheap,,,29/09/2026 14:33
af9742d9-d763-4444-aead-44558c27c214,keyser.realty,available,88.18,289.16,medium,low,6,spaceship,,,01/10/2026 11:13
ba5ffc11-4240-48cb-91a3-f4b8434a9954,belatedly.realty,available,99.8,456.98,medium,low,9,namecheap,,,22/08/2026 20:25
dd619f87-88e4-4acc-b30c-fed329941d6d,prisms.realty,available,109.99,299,medium,low,6,namesilo,,,21/09/2026 00:27
13d717eb-64cc-48a6-912a-bd53e1210edf,answered.realty,available,109.99,299,high,low,8,namesilo,,,25/09/2026 16:54
5d9faa1a-79de-4deb-bad0-98011af00178,converse.realty,available,109.99,299,high,high,8,namesilo,,,23/09/2026 22:49
f2244636-7d4f-486b-9e8d-bb2a21f648ec,avuncular.realty,available,99.8,456.98,medium,low,9,namecheap,,,07/08/2026 23:51
b5dc98e2-de72-4eed-9c32-dd2c17f92c28,swoosh.realty,available,99.8,456.98,high,low,6,namecheap,,,11/09/2026 05:52
cee4ba26-af34-495f-9e56-dfc2e518e5f0,foetid.realty,available,99.8,456.98,medium,low,6,namecheap,,,18/08/2026 02:26
7adb0184-0c5b-4bd1-aa67-39ed15a86464,akan.realty,available,109.99,299,high,low,4,namesilo,,,17/09/2026 23:50
2c180020-2e48-4a79-8e72-a215107a4e38,eliot.realty,available,109.99,299,high,low,5,namesilo,,,25/09/2026 05:27
b75e8215-4066-4552-945e-4b3085e64c0a,forgiveness.realty,available,99.8,456.98,high,low,11,namecheap,,,28/09/2026 08:15
fb4e3d6f-0e8e-486d-816b-17a02856a964,seemingly.realty,available,99.8,456.98,medium,low,9,namecheap,,,13/09/2026 20:24
26088054-b279-4476-8da1-01702c3c89a2,ordinary.realty,available,109.99,299,high,low,8,namesilo,,,26/09/2026 00:20
2813d0f6-fa73-4fb4-be32-8044e5ceebc1,iras.realty,available,109.99,299,high,low,4,namesilo,,,30/09/2026 22:23
3fda924a-b3d8-408a-ad23-8c4745c77357,marblewood.realty,available,109.99,299,medium,low,10,namesilo,,,19/09/2026 03:58
2e0dd00a-f437-48f7-96ae-33d0ed8eacfd,thermionic.realty,available,99.8,456.98,medium,low,10,namecheap,,,11/09/2026 12:56
548c10cf-cd7b-4503-9b9d-74e82130dcdd,hominid.realty,available,99.8,456.98,medium,low,7,namecheap,,,21/08/2026 12:39
b90641eb-fdb6-434d-8fbd-173a72c8ae05,arachnida.realty,available,109.99,299,medium,low,9,namesilo,,,19/09/2026 23:41
75b79531-e6ed-4d13-82c1-5371f138705c,ker.realty,available,99.8,456.98,medium,low,3,namecheap,,,30/09/2026 14:01
6bcd567a-ba70-4a69-a360-3307771d440a,suny.realty,available,109.99,299,medium,low,4,namesilo,,,28/09/2026 16:53
8a7c7d4b-c7d4-4200-8bf3-f26d123f4a4d,offensive.realty,available,99.8,456.98,high,low,9,namecheap,,,14/08/2026 22:05
e4490cf8-a96c-4d6c-9ed4-ff7570ca5013,hare.realty,available,93.2,288.88,medium,low,4,porkbun,,,29/09/2026 01:14
2073650c-732e-4127-b236-1b18cf54c8f3,denys.realty,available,109.99,299,medium,low,5,namesilo,,,01/10/2026 08:46
096a5d8d-5288-45fc-bf9b-40c38ba747a8,expects.realty,available,109.99,299,medium,low,7,namesilo,,,20/09/2026 01:39
049cf7d0-c00c-40f1-9b33-f3f8a7d32d22,barde.realty,available,109.99,299,medium,low,5,namesilo,,,22/09/2026 05:12
1ed2c56f-ac6a-481e-890f-48ca8336838c,arawn.realty,available,109.99,299,medium,low,5,namesilo,,,20/09/2026 00:29
ff671a24-f2c6-4598-ba22-6254eb8aa181,unforeseen.realty,available,99.8,456.98,high,low,10,namecheap,,,04/09/2026 18:50
76bc584b-450f-4b62-8292-31ad8a6075a5,birkenhead.realty,available,88.18,289.16,medium,low,10,spaceship,,,01/10/2026 08:22
9a55697e-da8d-4021-86ed-666f3564dc42,maverick.realty,available,99.8,456.98,high,low,8,namecheap,,,24/08/2026 17:42
5eb89680-4c90-4df4-818a-e6d24bb75d63,fragmentation.realty,available,109.99,299,medium,low,13,namesilo,,,02/10/2026 11:50
1253b143-1ba9-48fe-a077-0f697551505a,pitt.realty,available,99.8,456.98,high,low,4,namecheap,,,25/09/2026 06:04
52be7aa9-311f-44d5-8c78-f20f36de2e82,michal.realty,available,109.99,299,high,low,6,namesilo,,,30/09/2026 12:53
c39bdc7c-48bc-4aed-8739-445935418c32,menacingly.realty,available,99.8,456.98,medium,low,10,namecheap,,,15/09/2026 14:03
81236585-4d04-46f9-a11c-34e35cc22c45,tauten.realty,available,99.8,456.98,medium,low,6,namecheap,,,18/08/2026 05:16
16fc76cb-2857-4e7f-8673-c483ab1bbd4b,complication.realty,available,96.52,299.82,medium,low,12,dynadot,,,29/09/2026 23:25
df3f2546-b35e-4352-b143-24c0d7009355,flames.realty,available,88.18,289.16,medium,low,6,spaceship,,,27/09/2026 23:38
d78208a3-9226-4742-bfe8-2d6ac45b8d57,sti.realty,available,99.8,456.98,high,low,3,namecheap,,,30/09/2026 19:35
ec4aa72b-28f3-47c3-b4c3-70cb034d7f9c,pompon.realty,available,109.99,299,medium,low,6,namesilo,,,19/09/2026 09:36
3d83f3f8-bbec-4d69-b555-91aa29be40bf,louisville.realty,premium,,,high,low,10,,,,30/09/2026 10:28
be4f2f2c-6ec7-4af3-b4fd-bbe4682fcfee,fluke.realty,available,88.18,289.16,medium,low,5,spaceship,,,01/10/2026 02:12
ed754498-ef6d-4e90-b07c-e0b1ea633067,windshield.realty,available,88.18,289.16,high,low,10,spaceship,,,29/09/2026 14:08
588197ce-8092-4d6d-a8bf-dffb0620ed21,gull.realty,available,99.8,456.98,high,low,4,namecheap,,,12/08/2026 15:08
1eefecc7-4001-46ed-99cb-aa3eabd03728,rosen.realty,available,109.99,299,high,low,5,namesilo,,,26/09/2026 03:15
5512ccf3-7222-42d1-a26f-3529bbc317d5,pedro.realty,available,88.18,289.16,high,low,5,spaceship,,,28/09/2026 03:54
efe31740-5e58-4738-9135-68e2af4a7e27,bites.realty,available,109.99,299,medium,low,5,namesilo,,,28/09/2026 13:24
74bf5adc-4963-4d69-bcd3-16dfbc8d8097,libre.realty,available,93.2,288.88,high,low,5,porkbun,,,01/10/2026 22:14
0f9857d5-3611-4c91-b95a-738a93ee2822,basinet.realty,available,99.8,456.98,medium,low,7,namecheap,,,22/09/2026 10:57
54b93b18-7ba6-468a-a004-34153a24a02c,yearbook.realty,available,109.99,299,high,low,8,namesilo,,,02/10/2026 16:06
8653e795-af1d-4c57-afcf-bf4d16ca6d49,guilt.realty,available,280.2,280.2,high,low,5,cloudflare,,,29/09/2026 21:42
796a46a3-0129-4028-a34a-0553359dceb7,vocational.realty,available,99.8,456.98,high,low,10,namecheap,,,13/09/2026 06:29
dba3a6a8-cfd7-4713-84c5-7fdf87b614a3,gasoline.realty,available,88.18,289.16,high,low,8,spaceship,,,27/09/2026 13:38
6677559e-dc2d-4bb3-ac16-3954ec989733,seeking.realty,available,109.99,299,high,low,7,namesilo,,,27/09/2026 15:47
14227ff8-3d10-426b-9efc-2983f221d311,form.realty,available,109.99,299,high,medium,4,namesilo,,,25/09/2026 12:45
efc71015-3cd2-4811-89e9-329e81a5dec7,navigation.realty,available,99.8,456.98,high,low,10,namecheap,,,10/09/2026 00:36
f838291b-8316-4474-a390-378840d4cc5c,dotcom.realty,available,99.8,456.98,high,low,7,namecheap,,,14/08/2026 16:26
1f1848a6-264d-46aa-b962-345f6599c1ff,glamourous.realty,available,99.8,456.98,high,low,10,namecheap,,,19/08/2026 00:17
17873b1f-72fd-47be-b50c-235b23145212,charlotte.realty,premium,3622.7,5175.2,high,low,9,spaceship,,,28/09/2026 18:41
519ddc13-5977-4f7c-afb5-cf2b94bd7956,rendering.realty,available,88.18,289.16,high,low,9,spaceship,,,29/09/2026 19:21
9f76e87f-3e01-4a1b-ad8c-decbc7659b42,achieved.realty,available,109.99,299,high,low,8,namesilo,,,28/09/2026 12:45
d964f900-19c1-4f4a-bb57-80c14bcb7644,darned.realty,available,99.8,456.98,medium,low,6,namecheap,,,10/08/2026 12:41
8ff12a80-c62f-4b20-a1d2-ac93a4e7d77a,firefighter.realty,available,96.52,299.82,high,low,11,dynadot,,,30/09/2026 23:57
6f190297-4e9d-47fd-8883-f824ad480d41,trumpet.realty,available,99.8,456.98,high,low,7,namecheap,,,24/09/2026 18:17
d605ea0a-9cfd-4c5b-b973-5c97ed5b7434,xian.realty,premium,3450,3450,high,low,4,namesilo,,,30/09/2026 16:40
46ae7ffb-dd2f-434e-bdad-39d1a3c05152,watts.realty,available,88.18,289.16,high,medium,5,spaceship,,,29/09/2026 19:22
e4134b78-7d69-4abd-aa0c-adf926a0f725,rekt.realty,available,109.99,299,low,low,4,namesilo,,,
9b71eeb9-2e00-460e-9be9-4d215e63028f,triploid.realty,available,99.8,456.98,medium,low,8,namecheap,,,11/09/2026 20:10
e1213114-2dc4-45f1-92c3-ffcd4266c031,jinx.realty,available,99.8,456.98,high,low,4,namecheap,,,21/08/2026 07:37
defe5384-0317-429d-a9f4-5d6858bb6686,echt.realty,available,99.8,456.98,medium,low,4,namecheap,,,14/08/2026 23:41
b5d83ffc-2676-4410-a33f-593fea4ab1e7,sweltering.realty,available,99.8,456.98,medium,low,10,namecheap,,,11/09/2026 05:40
10af5b7b-5aa1-4428-a788-355478de45dd,promises.realty,available,109.99,299,medium,low,8,namesilo,,,27/09/2026 03:01
cc39648a-32d3-485e-bd6a-1664ae99114f,modeller.realty,available,109.99,299,high,low,8,namesilo,,,30/09/2026 04:47
bad9ce13-228a-4219-8c1a-f6d621d6b4d6,tortuous.realty,available,99.8,456.98,medium,low,8,namecheap,,,11/09/2026 18:01
8801c8c6-16f1-4a52-8bed-6822468ae502,subsequent.realty,available,99.8,456.98,high,low,10,namecheap,,,11/09/2026 00:44
eaf56095-f889-4448-b2d0-0dffa3bf8c27,dodgers.realty,available,88.18,289.16,high,medium,7,spaceship,,,30/09/2026 00:43
298fbafe-1c1a-4aba-8936-d2bf4d32709b,frugal.realty,available,99.8,456.98,high,low,6,namecheap,,,18/08/2026 16:57
59d8f554-d6b8-45c1-aea0-267f51de9e51,permission.realty,available,109.99,299,high,low,10,namesilo,,,25/09/2026 09:53
ea5a06ed-b8de-43e0-90c3-6b6ae59d47ab,kennel.realty,available,280.2,280.2,high,low,6,cloudflare,,,01/10/2026 19:15
7778e44e-beb7-48c8-a8f5-4232275ce2c9,age.realty,available,109.99,299,high,low,3,namesilo,,,19/09/2026 07:13
7f78ba68-9eab-4e09-8377-7c3a32d5dc5b,lodges.realty,available,99.8,456.98,medium,low,6,namecheap,,,02/10/2026 22:20
0336b9fb-e388-4c91-9590-703497ffe15b,artois.realty,available,109.99,299,medium,low,6,namesilo,,,20/09/2026 12:02
86f13e14-653c-47d7-a9a7-30cf97d13493,africa.realty,premium,6900,6900,high,medium,6,namesilo,,,17/09/2026 15:15
6b80398c-c673-4009-82c7-5f5abda72486,ignored.realty,available,99.8,456.98,medium,low,7,namecheap,,,21/08/2026 18:34
35182a8c-4cfb-440b-9904-4ad3073dd850,prostatic.realty,available,99.8,456.98,medium,low,9,namecheap,,,09/09/2026 03:53
2c013bc0-0ccf-4a10-b9fe-02e3a186ab26,final.realty,available,99.8,456.98,high,low,5,namecheap,,,30/09/2026 19:09
c28069b7-69a2-4858-a081-449125b627ca,yamamoto.realty,available,88.18,289.16,medium,low,8,spaceship,,,28/09/2026 19:31
5f742d35-21b7-4a7d-8adc-4db6bb1db35b,credit.realty,premium,3622.7,5175.2,high,low,6,spaceship,,,29/09/2026 09:26
4d7608d6-fe56-48a4-ac23-f622090ef5f1,mute.realty,available,179.99,349.99,high,low,4,name.com,,,13/08/2026 16:51
a1defd15-e8b5-4bc3-adca-41655c23165c,malice.realty,available,88.18,289.16,high,low,6,spaceship,,,30/09/2026 17:58
647b5223-a9de-4ee4-9daa-e22f7fd59c93,cartoons.realty,available,96.52,299.82,medium,low,8,dynadot,,,29/09/2026 00:08
d97e0289-9467-4e89-ab4f-7a6a899b6d59,prick.realty,available,99.8,456.98,medium,low,5,namecheap,,,08/08/2026 23:38
c67d4ef2-2501-4b1d-888b-9d7969175fcc,axially.realty,available,99.8,456.98,medium,low,7,namecheap,,,13/09/2026 22:57
ccf90b05-d92a-4ac2-ac87-2fd47a03e461,prokofiev.realty,available,93.2,288.88,medium,low,9,porkbun,,,02/10/2026 16:26
e7d3c018-1793-4364-8138-e5230e04b1bb,anonym.realty,available,99.8,456.98,medium,low,6,namecheap,,,19/09/2026 11:37
11cc6b41-518b-4b40-9c62-55f18ddb1f9d,weathered.realty,available,99.8,456.98,medium,low,9,namecheap,,,13/09/2026 09:21
5c239d08-0350-4759-8f9b-3ce4f3d237d3,consume.realty,available,93.2,288.88,high,low,7,porkbun,,,29/09/2026 02:37
db74d1ee-8db2-4f49-9b40-50a936355cce,prescribe.realty,available,88.18,289.16,high,low,9,spaceship,,,01/10/2026 01:46
db6ffaea-8020-450a-a1e6-f5578b036e4a,germaine.realty,available,109.99,299,medium,low,8,namesilo,,,01/10/2026 08:33
ffa53e56-51ef-4bdf-a47a-cf9a6dc26b2d,angelo.realty,available,99.8,456.98,high,low,6,namecheap,,,25/09/2026 16:57
6d3c7648-49c4-4c3d-872d-ee0d627d2427,airline.realty,available,109.99,299,medium,low,7,namesilo,,,02/10/2026 01:24
91cd3a0c-50fb-41d3-a32d-429d4f737599,swiss.realty,premium,3450,3450,high,medium,5,namesilo,,,19/09/2026 06:01
6d710ddc-264a-4fb8-a35f-f96876c3a99b,metabolism.realty,available,109.99,299,high,low,10,namesilo,,,29/09/2026 13:25
f464fb3c-4c3d-4df1-803e-c401208f6dfc,abed.realty,available,99.8,456.98,medium,low,4,namecheap,,,13/09/2026 16:13
34d7fb1a-f5de-4788-a726-43f474977363,kidney.realty,available,88.18,289.16,high,low,6,spaceship,,,30/09/2026 01:20
d9c77948-ae66-4e5a-a9f1-f006660852ec,apatura.realty,available,109.99,299,medium,low,7,namesilo,,,19/09/2026 16:22
f02dc91f-4ab8-4493-8b30-6c8f14c4102b,moot.realty,available,99.8,456.98,high,low,4,namecheap,,,14/08/2026 00:31
ee5aa784-58f8-46f0-869e-b5e05581b54f,magyar.realty,available,99.8,456.98,high,low,6,namecheap,,,21/08/2026 15:41
cc6e5f75-bf85-44f3-8f3e-9990c2738207,presenting.realty,available,88.18,289.16,medium,low,10,spaceship,,,28/09/2026 17:29
da911ec9-1d59-456e-a9d1-5bdbd0aa8282,stump.realty,available,109.99,299,medium,low,5,namesilo,,,18/09/2026 17:18
4825ce7f-d8ba-4b7b-964a-db8a1a095545,trauma.realty,available,99.8,456.98,high,low,6,namecheap,,,25/09/2026 07:04
e88d9da5-0759-4d71-96bc-3ff5529352ab,supersonic.realty,available,99.8,456.98,high,low,10,namecheap,,,11/09/2026 02:25
f57d9c40-0c13-403e-ae42-08ed1658bf94,jackets.realty,available,280.2,280.2,medium,low,7,cloudflare,,,28/09/2026 18:08
ba2bb375-98f0-4129-9dba-af08f224f1bf,outcome.realty,available,88.18,289.16,high,low,7,spaceship,,,29/09/2026 11:10
1bf204d8-4db5-494d-948e-1f6ad809604c,callaway.realty,available,109.99,299,high,low,8,namesilo,,,29/09/2026 23:03
98b5f66b-8026-4042-baa4-ee35d8891384,thoreau.realty,available,109.99,299,high,low,7,namesilo,,,29/09/2026 13:02
f8939a64-247b-4478-848c-b3ba1c2252a7,atomizer.realty,available,109.99,299,high,low,8,namesilo,,,21/09/2026 00:18
b87b3407-18b0-49fc-9818-d69c5950a3b6,gaol.realty,available,99.8,456.98,medium,low,4,namecheap,,,08/09/2026 22:46
4c6cb0e9-f84c-455d-85ce-670008975254,bookish.realty,available,99.8,456.98,high,low,7,namecheap,,,10/08/2026 19:09
25861a92-b55f-4f2c-9737-abf3050d88b2,charming.realty,available,99.8,456.98,high,low,8,namecheap,,,12/08/2026 02:36
50093f10-967c-4bfb-b107-41f6ac154972,handbook.realty,available,88.18,289.16,high,low,8,spaceship,,,29/09/2026 12:11
4e599009-b3dc-4fe4-9c22-852331dbc00b,luca.realty,available,96.52,299.82,high,medium,4,dynadot,,,28/09/2026 07:26
b6661612-a27b-461a-a29b-e5a782ab88cf,hoax.realty,available,88.18,289.16,high,low,4,spaceship,,,30/09/2026 01:25
b6a5e198-2fbd-4bef-8300-66028d522d72,jeffrey.realty,available,99.8,456.98,high,low,7,namecheap,,,25/09/2026 13:36
f238b1df-f104-46bb-bb4e-607c8b0865ac,composite.realty,available,99.8,456.98,high,low,9,namecheap,,,23/09/2026 17:39
1bb88da8-125e-4272-ae6c-5bf5401bb928,argued.realty,available,88.18,289.16,low,low,6,spaceship,,,28/09/2026 22:57
6fd526ea-068a-4bcd-89f2-dbf4302a95e8,provisions.realty,available,99.8,456.98,high,low,10,namecheap,,,08/09/2026 08:15
c3917d8f-47f3-43f1-8b46-24c4c235c092,pins.realty,available,109.99,299,high,low,4,namesilo,,,18/09/2026 08:25
faacfa7d-7181-40d7-9227-2ed7cc129967,volkswagen.realty,available,109.99,299,high,low,10,namesilo,,,02/10/2026 01:37
2657b1fe-20bc-4770-9093-84c7807ce5d9,comp.realty,available,99.8,456.98,high,low,4,namecheap,,,23/09/2026 17:59
9fffecb0-6820-49b5-82b9-8545f05bc932,paschal.realty,available,99.8,456.98,medium,low,7,namecheap,,,08/09/2026 02:20
66e68732-ede6-4713-b894-3020faba3d2e,andiron.realty,available,109.99,299,medium,low,7,namesilo,,,19/09/2026 04:06
18166b0b-929d-4668-8641-b8b717931a71,fresh.realty,available,109.99,299,high,medium,5,namesilo,,,23/09/2026 01:54
fdcb5f2c-17f5-4c8c-9286-1e4529484f78,cheng.realty,available,109.99,299,medium,low,5,namesilo,,,28/09/2026 11:35
1052ca8a-6921-4e06-b265-51abc939a0ca,apodeme.realty,available,99.8,456.98,medium,low,7,namecheap,,,19/09/2026 18:17
dacc4a35-75d6-4efd-9cba-59be69317e70,catchy.realty,available,99.8,456.98,high,low,6,namecheap,,,11/08/2026 21:20
d34db6c0-021d-48b7-9a07-b019287730d1,racers.realty,available,99.8,456.98,medium,low,6,namecheap,,,01/10/2026 18:02
048e9943-00ac-4e43-9b00-303af252b4c2,unadjusted.realty,available,99.8,456.98,medium,low,10,namecheap,,,11/09/2026 23:52
7fdc2f95-25d2-4bc7-b194-39b0a508a6d6,spiders.realty,available,109.99,299,medium,low,7,namesilo,,,16/09/2026 05:32
86dacf6d-f4cc-420a-a3d5-dd0b6a9e96ee,preliminary.realty,available,93.2,288.88,medium,low,11,porkbun,,,28/09/2026 11:21
edf9033a-cf50-4651-a0e3-ea0cd982d69b,vere.realty,available,93.2,288.88,medium,low,4,porkbun,,,29/09/2026 04:28
e7847cce-0b90-434e-a674-4dc7e48279dc,genuinely.realty,available,280.2,280.2,medium,low,9,cloudflare,,,28/09/2026 13:10
92ea1394-744c-4508-8b99-60b3798bd797,eventually.realty,available,99.8,456.98,high,low,10,namecheap,,,14/09/2026 16:32
316f5e5c-665a-4d34-a76e-5b1bc7673f37,zilch.realty,available,99.8,456.98,medium,low,5,namecheap,,,03/09/2026 22:42
a7899944-160a-49cf-b349-9e87f1f50876,judah.realty,available,280.2,280.2,medium,low,5,cloudflare,,,29/09/2026 01:27
89f5f7de-f6b1-4463-99b7-f67677092477,spin.realty,available,93.2,288.88,high,low,4,porkbun,,,30/09/2026 11:43
ebd968df-6381-475d-aa94-e0e562e0ed9e,ends.realty,available,109.99,299,high,low,4,namesilo,,,25/09/2026 13:13
e1b18fb9-3f55-414f-a7b2-2d24d7205269,that.realty,available,109.99,299,high,medium,4,namesilo,,,30/09/2026 22:10
3c99b3db-e01f-4000-abf5-68db47c1a8af,attempts.realty,available,99.8,456.98,medium,low,8,namecheap,,,18/09/2026 16:41
c2d4f40a-9371-4cbf-bc25-96fe1022a619,adrian.realty,available,109.99,299,high,low,6,namesilo,,,17/09/2026 09:59
5f5ec393-b135-4354-9d44-539436d0915e,conor.realty,available,88.18,289.16,high,low,5,spaceship,,,30/09/2026 13:01
bb2ee713-3375-4d7e-9ceb-25f3378dcfb6,alexis.realty,available,99.8,456.98,high,low,6,namecheap,,,19/09/2026 02:23
b26668f9-3013-4c17-8cd1-4752652c3afa,jubilee.realty,available,88.18,289.16,high,low,7,spaceship,,,30/09/2026 17:45
21ee4f23-ac68-4d21-9bff-88e91e09e8b1,calculous.realty,available,99.8,456.98,medium,low,9,namecheap,,,11/08/2026 14:05
5adc1c95-1a13-4a36-8049-7304cb8e387b,bagful.realty,available,99.8,456.98,medium,low,6,namecheap,,,21/09/2026 17:57
4add77d1-0d2e-4b29-b8c2-95004b06efc8,sys.realty,available,88.18,289.16,high,low,3,spaceship,,,30/09/2026 14:33
a64f91ff-e0fb-4c09-bc43-a383ad9d0972,shuster.realty,available,96.52,299.82,medium,low,7,dynadot,,,02/10/2026 10:10
08e84588-f8ff-438d-b6e9-599470e641a1,recommended.realty,available,88.18,289.16,medium,low,11,spaceship,,,28/09/2026 08:36
1a0ba2d2-cc4d-4098-8fff-f04b681436ac,quickset.realty,available,99.8,456.98,medium,low,8,namecheap,,,09/09/2026 08:43
6a1500f7-df7e-4490-b709-8250e9d6c0c5,prn.realty,available,99.8,456.98,medium,low,3,namecheap,,,13/09/2026 21:26
fe6765c8-4a6c-400d-b079-f0bc71ae4623,stops.realty,available,88.18,289.16,high,low,5,spaceship,,,30/09/2026 12:10
47020723-8ad5-4391-a682-364d5cbd3204,anergy.realty,available,99.8,456.98,medium,low,6,namecheap,,,19/09/2026 05:29
8f05f859-8460-494f-989f-bf524912290e,harmonized.realty,available,99.8,456.98,high,low,10,namecheap,,,12/08/2026 22:50
a0bcf714-dcf9-45cf-8800-35c198017b9c,bureaucracy.realty,available,280.2,280.2,high,low,11,cloudflare,,,01/10/2026 13:02
c0c85c0b-6c88-417d-a536-b17b06169238,lounge.realty,available,99.8,456.98,high,low,6,namecheap,,,11/09/2026 08:25
d220aeac-4e8b-46d1-b434-e39e0c11c9bb,dimensional.realty,available,109.99,299,high,low,11,namesilo,,,30/09/2026 03:41
064cad4f-2f15-4ec6-9a8f-d27d181decc5,erfurt.realty,available,93.2,288.88,high,low,6,porkbun,,,30/09/2026 13:16
cbf95d8d-13b9-4205-a8a2-3d09fc899b7a,sneakers.realty,available,96.52,299.82,high,low,8,dynadot,,,01/10/2026 16:47
3b1453db-9ed7-4d09-bb52-5193a1fd352e,flying.realty,available,109.99,299,high,low,6,namesilo,,,24/09/2026 17:17
2f3e4f8d-e42b-433f-9b36-5fd97cd7f9ce,advantageous.realty,available,280.2,280.2,high,low,12,cloudflare,,,02/10/2026 17:31
fe85d803-638b-48f8-8aa7-234d49881bae,perishable.realty,available,99.8,456.98,high,low,10,namecheap,,,08/09/2026 17:18
b2bca9b1-9777-4d2f-a752-eca7166613d4,introduce.realty,available,99.8,456.98,high,low,9,namecheap,,,30/09/2026 00:04
29c8ce18-3632-489f-80e3-6a054784fda3,projector.realty,available,88.18,289.16,high,low,9,spaceship,,,29/09/2026 20:04
c6cd8dbf-a3f0-4b18-b381-5632a2bd4041,holder.realty,available,96.52,299.82,high,low,6,dynadot,,,29/09/2026 22:53
6507680e-99f7-42e8-9d09-4f2c49ad9dc3,fatefully.realty,available,99.8,456.98,medium,low,9,namecheap,,,14/09/2026 17:53
6a0524f1-4d52-4528-8fcf-fb2f65617279,absorption.realty,available,99.8,456.98,high,low,10,namecheap,,,16/09/2026 18:19
bf327495-ee77-4934-bca2-e7d24fdd8e17,flint.realty,premium,875,1250,high,low,5,name.com,,,18/08/2026 08:20
a0d369d2-5dd2-4485-87ef-66746371db95,dove.realty,available,99.8,456.98,high,low,4,namecheap,,,10/09/2026 17:16
b86c022d-718b-4a4d-9ff4-6f120fcf3940,kickoff.realty,available,88.18,289.16,high,low,7,spaceship,,,01/10/2026 19:02
3f7a5380-89ad-4cf5-b091-216c827c1fb7,brightest.realty,available,88.18,289.16,high,low,9,spaceship,,,30/09/2026 06:56
e3b091ef-ba18-4b36-9a46-bfbd8be4fc8a,treadmill.realty,available,96.52,299.82,high,low,9,dynadot,,,03/10/2026 02:17
98ef1c57-9177-4e42-9064-b63dc2daebbb,stagecoach.realty,available,96.52,299.82,high,low,10,dynadot,,,01/10/2026 03:54
6fc2fe3e-e3bf-4668-ad23-817c2d8c263a,mlc.realty,available,99.8,456.98,high,medium,3,namecheap,,,02/10/2026 18:10
2c5db48e-450f-48f2-914f-7bbe6e1df338,dass.realty,available,280.2,280.2,high,low,4,cloudflare,,,30/09/2026 19:19
ddd1bdf9-a750-4f96-bf00-6bd0684c5ae4,catalogues.realty,available,96.52,299.82,medium,low,10,dynadot,,,02/10/2026 22:23
e3098f96-da6d-46bf-b445-7e156a051afa,approaches.realty,available,93.2,288.88,high,low,10,porkbun,,,01/10/2026 16:38
960618b0-b36f-4250-869b-3085766f0c73,parted.realty,available,99.8,456.98,medium,low,6,namecheap,,,08/09/2026 01:57
c4996ea6-4922-41bc-8aee-6fcf96fa7bfe,lois.realty,available,109.99,299,medium,low,4,namesilo,,,25/09/2026 15:30
84e601a0-7a9e-4be3-8b63-170a6535c7f0,roasted.realty,available,179.99,349.99,high,low,7,name.com,,,27/09/2026 15:50
c881b4cf-2f1b-47c9-ae8c-689a8f59f4c1,incense.realty,available,88.18,289.16,high,low,7,spaceship,,,29/09/2026 19:17